status,pdb,receptor,component,component_name,lipid_class,basis,recorded_ligand_name,binding_mode,ligand_role,binding_site_class,apo_status,other_ligands,hetero_groups_in_bundle,evidence,decided_on
keep_ligand,8ID6,ffar4_human,OLA,OLEIC ACID,membrane_lipid,component reference,oleic acid,Agonist,pharmacological_orthosteric_ligand,canonical_7tm_pocket,not_apo,,OLAx20,"Published ligand of a lipid receptor (lysophosphatidylserine and its analogues at GPR34, GPR174 and P2Y10; fatty acids at FFAR4, GPR3 and GPR6). Keep as a ligand; it is excluded from the lipid layer in its own structure.",
keep_ligand,7XV3,gp174_human,WJS,(2~{S})-2-$L^{4}-AZANYL-3-[[(2~{R})-3-OCTADECANOYLOXY-2-OXIDANYL-PROPOXY]-OXIDANYL-OXIDANYLIDENE-$L^{6}-PHOSPHANYL]OXY-PROPANOIC ACID,membrane_lipid,name matches 'OCTADECANOYLOXY-2-OXIDANYL-PRO',(2~{S})-2-$l^{4}-azanyl-3-[[(2~{R})-3-octadecanoyloxy-2-oxidanyl-propoxy]-oxidanyl-oxidanylidene-$l^{6}-phosphanyl]oxy-propanoic acid,Agonist,pharmacological_orthosteric_ligand,canonical_7tm_pocket,not_apo,,WJSx35,"Published ligand of a lipid receptor (lysophosphatidylserine and its analogues at GPR34, GPR174 and P2Y10; fatty acids at FFAR4, GPR3 and GPR6). Keep as a ligand; it is excluded from the lipid layer in its own structure.",
keep_ligand,8K4N,gpr34_human,VF0,(2R)-2-AZANYL-3-[OXIDANYL-[(2R)-2-OXIDANYL-3-TETRADEC-9-ENOYLOXY-PROPOXY]PHOSPHORYL]OXY-PROPANOIC ACID,membrane_lipid,name matches 'PHOSPHORYL]OXY-PROPAN',(2R)-2-azanyl-3-[oxidanyl-[(2R)-2-oxidanyl-3-tetradec-9-enoyloxy-propoxy]phosphoryl]oxy-propanoic acid,Agonist,pharmacological_orthosteric_ligand,canonical_7tm_pocket,not_apo,,VF0x66,"Published ligand of a lipid receptor (lysophosphatidylserine and its analogues at GPR34, GPR174 and P2Y10; fatty acids at FFAR4, GPR3 and GPR6). Keep as a ligand; it is excluded from the lipid layer in its own structure.",
keep_ligand,8XBE,gpr34_human,KW0,(2~{S})-2-AZANYL-3-[[(2~{R})-1-ETHOXY-3-[(~{Z})-OCTADEC-9-ENOYL]OXY-PROPAN-2-YL]OXY-OXIDANYL-PHOSPHORYL]OXY-PROPANOIC ACID,membrane_lipid,name matches 'OCTADEC-9-ENOYL]OXY-PROPAN-2-Y',CHEMBL4782438,Agonist,pharmacological_orthosteric_ligand,canonical_7tm_pocket,not_apo,,KW0x37,"Published ligand of a lipid receptor (lysophosphatidylserine and its analogues at GPR34, GPR174 and P2Y10; fatty acids at FFAR4, GPR3 and GPR6). Keep as a ligand; it is excluded from the lipid layer in its own structure.",
keep_ligand,8XBG,gpr34_human,KW0,(2~{S})-2-AZANYL-3-[[(2~{R})-1-ETHOXY-3-[(~{Z})-OCTADEC-9-ENOYL]OXY-PROPAN-2-YL]OXY-OXIDANYL-PHOSPHORYL]OXY-PROPANOIC ACID,membrane_lipid,name matches 'OCTADEC-9-ENOYL]OXY-PROPAN-2-Y',CHEMBL4782438,Agonist,pharmacological_orthosteric_ligand,canonical_7tm_pocket,not_apo,,KW0x37,"Published ligand of a lipid receptor (lysophosphatidylserine and its analogues at GPR34, GPR174 and P2Y10; fatty acids at FFAR4, GPR3 and GPR6). Keep as a ligand; it is excluded from the lipid layer in its own structure.",
keep_ligand,8XBH,gpr34_human,KW3,(2~{S})-2-AZANYL-3-[[(2~{R})-1-ETHOXY-3-[3-[2-[(3-PHENOXYPHENYL)METHOXY]PHENYL]PROPANOYLOXY]PROPAN-2-YL]OXY-OXIDANYL-PHOSPHORYL]OXY-PROPANOIC ACID,membrane_lipid,name matches 'PHOSPHORYL]OXY-PROPAN',CHEMBL4758243,Agonist,pharmacological_orthosteric_ligand,canonical_7tm_pocket,not_apo,,KW3x43,"Published ligand of a lipid receptor (lysophosphatidylserine and its analogues at GPR34, GPR174 and P2Y10; fatty acids at FFAR4, GPR3 and GPR6). Keep as a ligand; it is excluded from the lipid layer in its own structure.",
keep_ligand,8XBI,gpr34_human,KW3,(2~{S})-2-AZANYL-3-[[(2~{R})-1-ETHOXY-3-[3-[2-[(3-PHENOXYPHENYL)METHOXY]PHENYL]PROPANOYLOXY]PROPAN-2-YL]OXY-OXIDANYL-PHOSPHORYL]OXY-PROPANOIC ACID,membrane_lipid,name matches 'PHOSPHORYL]OXY-PROPAN',CHEMBL4758243,Agonist,pharmacological_orthosteric_ligand,canonical_7tm_pocket,not_apo,,KW3x43,"Published ligand of a lipid receptor (lysophosphatidylserine and its analogues at GPR34, GPR174 and P2Y10; fatty acids at FFAR4, GPR3 and GPR6). Keep as a ligand; it is excluded from the lipid layer in its own structure.",
keep_ligand,8U8F,gpr3_human,PLM,PALMITIC ACID,membrane_lipid,component reference,palmitic acid,Agonist,pharmacological_orthosteric_ligand,canonical_7tm_pocket,not_apo,,PLMx94,"Published ligand of a lipid receptor (lysophosphatidylserine and its analogues at GPR34, GPR174 and P2Y10; fatty acids at FFAR4, GPR3 and GPR6). Keep as a ligand; it is excluded from the lipid layer in its own structure.",
keep_ligand,8WW2,gpr3_human,OLA,OLEIC ACID,membrane_lipid,component reference,oleic acid,Agonist,pharmacological_orthosteric_ligand,canonical_7tm_pocket,not_apo,,OLAx20,"Published ligand of a lipid receptor (lysophosphatidylserine and its analogues at GPR34, GPR174 and P2Y10; fatty acids at FFAR4, GPR3 and GPR6). Keep as a ligand; it is excluded from the lipid layer in its own structure.",
keep_ligand,8TF5,gpr6_human,OLA,OLEIC ACID,membrane_lipid,component reference,oleic acid,Inverse agonist,pharmacological_orthosteric_ligand,canonical_7tm_pocket,not_apo,,CLRx28 OLAx209 OLCx116 P15x34 YCMx10,"Published ligand of a lipid receptor (lysophosphatidylserine and its analogues at GPR34, GPR174 and P2Y10; fatty acids at FFAR4, GPR3 and GPR6). Keep as a ligand; it is excluded from the lipid layer in its own structure.",
keep_ligand,8KGG,p2y10_human,WJS,(2~{S})-2-$L^{4}-AZANYL-3-[[(2~{R})-3-OCTADECANOYLOXY-2-OXIDANYL-PROPOXY]-OXIDANYL-OXIDANYLIDENE-$L^{6}-PHOSPHANYL]OXY-PROPANOIC ACID,membrane_lipid,name matches 'OCTADECANOYLOXY-2-OXIDANYL-PRO',(2~{S})-2-$l^{4}-azanyl-3-[[(2~{R})-3-octadecanoyloxy-2-oxidanyl-propoxy]-oxidanyl-oxidanylidene-$l^{6}-phosphanyl]oxy-propanoic acid,Agonist,pharmacological_orthosteric_ligand,canonical_7tm_pocket,not_apo,,WJSx35,"Published ligand of a lipid receptor (lysophosphatidylserine and its analogues at GPR34, GPR174 and P2Y10; fatty acids at FFAR4, GPR3 and GPR6). Keep as a ligand; it is excluded from the lipid layer in its own structure.",
not_a_ligand,8XXU,pd2r2_human,A1D5Q,"[(2~{R})-1-HEXADECANOYLOXY-3-[OXIDANYL-[(2~{S},3~{R},5~{R},6~{S})-2,3,4,5,6-PENTAKIS(OXIDANYL)CYCLOHEXYL]OXY-PHOSPHORYL]OXY-PROPAN-2-YL] (~{Z})-OCTADEC-9-ENOATE",membrane_lipid,name matches 'HEXADECANOYLOXY-3-[OXIDANYL-[(',"[(2~{R})-1-hexadecanoyloxy-3-[oxidanyl-[(2~{S},3~{R},5~{R},6~{S})-2,3,4,5,6-pentakis(oxidanyl)cyclohexyl]oxy-phosphoryl]oxy-propan-2-yl] (~{Z})-octadec-9-enoate",PAM,positive_allosteric_modulator,bitopic_or_multi_region_site,not_apo,,A1D5Qx137,"Phosphatidylinositol, a membrane lipid. 8XXU/8XXV are apo; in 9IYB the record calls the lipid PGD2 because the annotated PGD2 is absent from the coordinates. Remove from the ligands; show under the lipid layer.",decided 2026-09-30
not_a_ligand,8XXV,pd2r2_human,A1D5Q,"[(2~{R})-1-HEXADECANOYLOXY-3-[OXIDANYL-[(2~{S},3~{R},5~{R},6~{S})-2,3,4,5,6-PENTAKIS(OXIDANYL)CYCLOHEXYL]OXY-PHOSPHORYL]OXY-PROPAN-2-YL] (~{Z})-OCTADEC-9-ENOATE",membrane_lipid,name matches 'HEXADECANOYLOXY-3-[OXIDANYL-[(',"[(2~{R})-1-hexadecanoyloxy-3-[oxidanyl-[(2~{S},3~{R},5~{R},6~{S})-2,3,4,5,6-pentakis(oxidanyl)cyclohexyl]oxy-phosphoryl]oxy-propan-2-yl] (~{Z})-octadec-9-enoate",PAM,positive_allosteric_modulator,bitopic_or_multi_region_site,not_apo,,A1D5Qx135,"Phosphatidylinositol, a membrane lipid. 8XXU/8XXV are apo; in 9IYB the record calls the lipid PGD2 because the annotated PGD2 is absent from the coordinates. Remove from the ligands; show under the lipid layer.",decided 2026-09-30
not_a_ligand,9IYB,pd2r2_human,A1D5Q,"[(2~{R})-1-HEXADECANOYLOXY-3-[OXIDANYL-[(2~{S},3~{R},5~{R},6~{S})-2,3,4,5,6-PENTAKIS(OXIDANYL)CYCLOHEXYL]OXY-PHOSPHORYL]OXY-PROPAN-2-YL] (~{Z})-OCTADEC-9-ENOATE",membrane_lipid,name matches 'HEXADECANOYLOXY-3-[OXIDANYL-[(',PGD2,Agonist,pharmacological_orthosteric_ligand,canonical_7tm_pocket,not_apo,,A1D5Qx135,"Phosphatidylinositol, a membrane lipid. 8XXU/8XXV are apo; in 9IYB the record calls the lipid PGD2 because the annotated PGD2 is absent from the coordinates. Remove from the ligands; show under the lipid layer.",decided 2026-09-30
not_a_ligand,4J4Q,opsd_bovin,BOG,OCTYL BETA-D-GLUCOPYRANOSIDE,detergent,component reference,B-Octylglucoside,unknown,unresolved,canonical_7tm_pocket,not_apo,,ACTx4 BMAx11 BOGx80 GLCx23 MANx11 NAGx28 PLMx17 SO4x10,"Reviewer: GPCRdb lists the structure as apo; the detergent sits in the retinal pocket and contacts it, which is kept as a structure note. Octyl glucoside, a detergent, recorded with binding mode 'unknown' in ligand-free opsin structures. Proposed: not a ligand; the structures are apo opsin with detergent in the pocket.",2026-09-30
not_a_ligand,4PXF,opsd_bovin,BOG,OCTYL BETA-D-GLUCOPYRANOSIDE,detergent,component reference,B-Octylglucoside,unknown,unresolved,canonical_7tm_pocket,not_apo,,ACTx4 BMAx11 BOGx60 GLCx23 MANx11 NAGx28 PLMx17 SO4x5,"Reviewer: GPCRdb lists the structure as apo; the detergent sits in the retinal pocket and contacts it, which is kept as a structure note. Octyl glucoside, a detergent, recorded with binding mode 'unknown' in ligand-free opsin structures. Proposed: not a ligand; the structures are apo opsin with detergent in the pocket.",2026-09-30
not_a_ligand,4X1H,opsd_bovin,BNG,NONYL BETA-D-GLUCOPYRANOSIDE,detergent,name matches 'GLUCOPYRANOSIDE',B-Nonylglucoside,unknown,unresolved,canonical_7tm_pocket,not_apo,,BMAx22 BNGx42 NAGx56 PLMx24,"Reviewer: GPCRdb lists the structure as apo; the detergent sits in the retinal pocket and contacts it, which is kept as a structure note. Nonyl glucoside, a detergent; as the BOG rows.",2026-09-30
not_a_ligand,5TE3,opsd_bovin,BOG,OCTYL BETA-D-GLUCOPYRANOSIDE,detergent,component reference,B-Octylglucoside,unknown,unresolved,canonical_7tm_pocket,not_apo,,BMAx11 BOGx60 MANx11 NAGx28 PLMx34 SO4x10,"Reviewer: GPCRdb lists the structure as apo; the detergent sits in the retinal pocket and contacts it, which is kept as a structure note. Octyl glucoside, a detergent, recorded with binding mode 'unknown' in ligand-free opsin structures. Proposed: not a ligand; the structures are apo opsin with detergent in the pocket.",2026-09-30
not_a_ligand,5WKT,opsd_bovin,BOG,OCTYL BETA-D-GLUCOPYRANOSIDE,detergent,component reference,B-Octylglucoside,unknown,unresolved,canonical_7tm_pocket,not_apo,,BMAx11 BOGx144 GLCx23 MANx11 NAGx28 SO4x5,"Reviewer: GPCRdb lists the structure as apo; the detergent sits in the retinal pocket and contacts it, which is kept as a structure note. Octyl glucoside, a detergent, recorded with binding mode 'unknown' in ligand-free opsin structures. Proposed: not a ligand; the structures are apo opsin with detergent in the pocket.",2026-09-30
not_a_ligand,6NWE,opsd_bovin,BOG,OCTYL BETA-D-GLUCOPYRANOSIDE,detergent,component reference,B-Octylglucoside,unknown,unresolved,canonical_7tm_pocket,not_apo,,BMAx22 BOGx100 NAGx28 PLMx17 SO4x15,"Reviewer: GPCRdb lists the structure as apo; the detergent sits in the retinal pocket and contacts it, which is kept as a structure note. Octyl glucoside, a detergent, recorded with binding mode 'unknown' in ligand-free opsin structures. Proposed: not a ligand; the structures are apo opsin with detergent in the pocket.",2026-09-30
