component,name,lipid_class,basis,structures_with_it_in_bundle,structures_counting_it_as_ligand,example_pdbs
OLC,"(2R)-2,3-DIHYDROXYPROPYL (9Z)-OCTADEC-9-ENOATE",membrane_lipid,component reference,130,0,3D4S 3NY8 3NY9 3OE6 3QAK 3RZE 3VW7 4BVN
CLR,CHOLESTEROL,membrane_lipid,component reference,112,0,2RH1 3D4S 3NY8 3NY9 3NYA 3PDS 4DKL 4EIY
OLA,OLEIC ACID,membrane_lipid,component reference,106,3,3NY8 4EIY 4IB4 4N6H 4NC3 4S0V 4ZJ8 4ZJC
PLM,PALMITIC ACID,membrane_lipid,component reference,37,1,2I35 2RH1 2X72 2ZIY 3C9L 3DQB 3PQR 3PXO
BOG,OCTYL BETA-D-GLUCOPYRANOSIDE,detergent,component reference,25,5,2X72 3DQB 3PQR 3PXO 4A4M 4BEY 4BEZ 4J4Q
OLB,"(2S)-2,3-DIHYDROXYPROPYL (9Z)-OCTADEC-9-ENOATE",membrane_lipid,component reference,20,0,4EIY 4IAR 4IB4 4UG2 5IU4 5IU7 5IU8 5IUA
Y01,CHOLESTEROL HEMISUCCINATE,membrane_lipid,component reference,5,0,4XNV 5CXV 6WJC 7YM8 8EA0
HEX,HEXANE,membrane_lipid,component reference,3,0,6LPJ 6LPK 6LPL
UND,UNDECANE,membrane_lipid,component reference,3,0,6LPJ 6LPK 6LPL
D10,DECANE,membrane_lipid,component reference,3,0,6LPJ 6LPK 6LPL
A1D5Q,"[(2~{R})-1-HEXADECANOYLOXY-3-[OXIDANYL-[(2~{S},3~{R},5~{R},6~{S})-2,3,4,5,6-PENTAKIS(OXIDANYL)CYCLOHEXYL]OXY-PHOSPHORYL]OXY-PROPAN-2-YL] (~{Z})-OCTADEC-9-ENOATE",membrane_lipid,name matches 'HEXADECANOYLOXY-3-[OXIDANYL-[(',3,3,8XXU 8XXV 9IYB
PEF,DI-PALMITOYL-3-SN-PHOSPHATIDYLETHANOLAMINE,membrane_lipid,name matches 'PHOSPHATIDYL',2,0,2X72 3C9L
SOG,OCTYL 1-THIO-BETA-D-GLUCOPYRANOSIDE,detergent,component reference,2,0,2YDO 2YDV
WJS,(2~{S})-2-$L^{4}-AZANYL-3-[[(2~{R})-3-OCTADECANOYLOXY-2-OXIDANYL-PROPOXY]-OXIDANYL-OXIDANYLIDENE-$L^{6}-PHOSPHANYL]OXY-PROPANOIC ACID,membrane_lipid,name matches 'OCTADECANOYLOXY-2-OXIDANYL-PRO',2,2,7XV3 8KGG
KW0,(2~{S})-2-AZANYL-3-[[(2~{R})-1-ETHOXY-3-[(~{Z})-OCTADEC-9-ENOYL]OXY-PROPAN-2-YL]OXY-OXIDANYL-PHOSPHORYL]OXY-PROPANOIC ACID,membrane_lipid,name matches 'OCTADEC-9-ENOYL]OXY-PROPAN-2-Y',2,2,8XBE 8XBG
KW3,(2~{S})-2-AZANYL-3-[[(2~{R})-1-ETHOXY-3-[3-[2-[(3-PHENOXYPHENYL)METHOXY]PHENYL]PROPANOYLOXY]PROPAN-2-YL]OXY-OXIDANYL-PHOSPHORYL]OXY-PROPANOIC ACID,membrane_lipid,name matches 'PHOSPHORYL]OXY-PROPAN',2,2,8XBH 8XBI
LDA,LAURYL DIMETHYLAMINE-N-OXIDE,detergent,name matches 'LAURYL',1,0,3C9L
C8E,(HYDROXYETHYLOXY)TRI(ETHYLOXY)OCTANE,detergent,component reference,1,0,3C9L
STE,STEARIC ACID,membrane_lipid,component reference,1,0,3EML
BNG,NONYL BETA-D-GLUCOPYRANOSIDE,detergent,name matches 'GLUCOPYRANOSIDE',1,1,4X1H
POV,(2S)-3-(HEXADECANOYLOXY)-2-[(9Z)-OCTADEC-9-ENOYLOXY]PROPYL 2-(TRIMETHYLAMMONIO)ETHYL PHOSPHATE,membrane_lipid,component reference,1,0,6AK3
PCW,"1,2-DIOLEOYL-SN-GLYCERO-3-PHOSPHOCHOLINE",membrane_lipid,component reference,1,0,8K2W
VF0,(2R)-2-AZANYL-3-[OXIDANYL-[(2R)-2-OXIDANYL-3-TETRADEC-9-ENOYLOXY-PROPOXY]PHOSPHORYL]OXY-PROPANOIC ACID,membrane_lipid,name matches 'PHOSPHORYL]OXY-PROPAN',1,1,8K4N
