pdb,family,receptor,apo_status,component,component_name,lipid_class,basis,recorded_ligand_name,binding_mode,ligand_role,binding_site_class,other_ligands,name_matches_component,hetero_groups_in_bundle
4J4Q,ca-001-009,opsd_bovin,not_apo,BOG,OCTYL BETA-D-GLUCOPYRANOSIDE,detergent,component reference,B-Octylglucoside,unknown,unresolved,canonical_7tm_pocket,,no,ACTx4 BMAx11 BOGx80 GLCx23 MANx11 NAGx28 PLMx17 SO4x10
4PXF,ca-001-009,opsd_bovin,not_apo,BOG,OCTYL BETA-D-GLUCOPYRANOSIDE,detergent,component reference,B-Octylglucoside,unknown,unresolved,canonical_7tm_pocket,,no,ACTx4 BMAx11 BOGx60 GLCx23 MANx11 NAGx28 PLMx17 SO4x5
4X1H,ca-001-009,opsd_bovin,not_apo,BNG,NONYL BETA-D-GLUCOPYRANOSIDE,detergent,name matches 'GLUCOPYRANOSIDE',B-Nonylglucoside,unknown,unresolved,canonical_7tm_pocket,,no,BMAx22 BNGx42 NAGx56 PLMx24
5TE3,ca-001-009,opsd_bovin,not_apo,BOG,OCTYL BETA-D-GLUCOPYRANOSIDE,detergent,component reference,B-Octylglucoside,unknown,unresolved,canonical_7tm_pocket,,no,BMAx11 BOGx60 MANx11 NAGx28 PLMx34 SO4x10
5WKT,ca-001-009,opsd_bovin,not_apo,BOG,OCTYL BETA-D-GLUCOPYRANOSIDE,detergent,component reference,B-Octylglucoside,unknown,unresolved,canonical_7tm_pocket,,no,BMAx11 BOGx144 GLCx23 MANx11 NAGx28 SO4x5
6NWE,ca-001-009,opsd_bovin,not_apo,BOG,OCTYL BETA-D-GLUCOPYRANOSIDE,detergent,component reference,B-Octylglucoside,unknown,unresolved,canonical_7tm_pocket,,no,BMAx22 BOGx100 NAGx28 PLMx17 SO4x15
7XV3,ca-001-010,gp174_human,not_apo,WJS,(2~{S})-2-$L^{4}-AZANYL-3-[[(2~{R})-3-OCTADECANOYLOXY-2-OXIDANYL-PROPOXY]-OXIDANYL-OXIDANYLIDENE-$L^{6}-PHOSPHANYL]OXY-PROPANOIC ACID,membrane_lipid,name matches 'OCTADECANOYLOXY-2-OXIDANYL-PRO',(2~{S})-2-$l^{4}-azanyl-3-[[(2~{R})-3-octadecanoyloxy-2-oxidanyl-propoxy]-oxidanyl-oxidanylidene-$l^{6}-phosphanyl]oxy-propanoic acid,Agonist,pharmacological_orthosteric_ligand,canonical_7tm_pocket,,yes,WJSx35
8ID6,ca-001-004,ffar4_human,not_apo,OLA,OLEIC ACID,membrane_lipid,component reference,oleic acid,Agonist,pharmacological_orthosteric_ligand,canonical_7tm_pocket,,yes,OLAx20
8K4N,ca-001-010,gpr34_human,not_apo,VF0,(2R)-2-AZANYL-3-[OXIDANYL-[(2R)-2-OXIDANYL-3-TETRADEC-9-ENOYLOXY-PROPOXY]PHOSPHORYL]OXY-PROPANOIC ACID,membrane_lipid,name matches 'PHOSPHORYL]OXY-PROPAN',(2R)-2-azanyl-3-[oxidanyl-[(2R)-2-oxidanyl-3-tetradec-9-enoyloxy-propoxy]phosphoryl]oxy-propanoic acid,Agonist,pharmacological_orthosteric_ligand,canonical_7tm_pocket,,yes,VF0x66
8KGG,ca-001-010,p2y10_human,not_apo,WJS,(2~{S})-2-$L^{4}-AZANYL-3-[[(2~{R})-3-OCTADECANOYLOXY-2-OXIDANYL-PROPOXY]-OXIDANYL-OXIDANYLIDENE-$L^{6}-PHOSPHANYL]OXY-PROPANOIC ACID,membrane_lipid,name matches 'OCTADECANOYLOXY-2-OXIDANYL-PRO',(2~{S})-2-$l^{4}-azanyl-3-[[(2~{R})-3-octadecanoyloxy-2-oxidanyl-propoxy]-oxidanyl-oxidanylidene-$l^{6}-phosphanyl]oxy-propanoic acid,Agonist,pharmacological_orthosteric_ligand,canonical_7tm_pocket,,yes,WJSx35
8TF5,ca-001-010,gpr6_human,not_apo,OLA,OLEIC ACID,membrane_lipid,component reference,oleic acid,Inverse agonist,pharmacological_orthosteric_ligand,canonical_7tm_pocket,,yes,CLRx28 OLAx209 OLCx116 P15x34 YCMx10
8U8F,ca-001-010,gpr3_human,not_apo,PLM,PALMITIC ACID,membrane_lipid,component reference,palmitic acid,Agonist,pharmacological_orthosteric_ligand,canonical_7tm_pocket,,yes,PLMx94
8WW2,ca-001-010,gpr3_human,not_apo,OLA,OLEIC ACID,membrane_lipid,component reference,oleic acid,Agonist,pharmacological_orthosteric_ligand,canonical_7tm_pocket,,yes,OLAx20
8XBE,ca-001-010,gpr34_human,not_apo,KW0,(2~{S})-2-AZANYL-3-[[(2~{R})-1-ETHOXY-3-[(~{Z})-OCTADEC-9-ENOYL]OXY-PROPAN-2-YL]OXY-OXIDANYL-PHOSPHORYL]OXY-PROPANOIC ACID,membrane_lipid,name matches 'OCTADEC-9-ENOYL]OXY-PROPAN-2-Y',CHEMBL4782438,Agonist,pharmacological_orthosteric_ligand,canonical_7tm_pocket,,no,KW0x37
8XBG,ca-001-010,gpr34_human,not_apo,KW0,(2~{S})-2-AZANYL-3-[[(2~{R})-1-ETHOXY-3-[(~{Z})-OCTADEC-9-ENOYL]OXY-PROPAN-2-YL]OXY-OXIDANYL-PHOSPHORYL]OXY-PROPANOIC ACID,membrane_lipid,name matches 'OCTADEC-9-ENOYL]OXY-PROPAN-2-Y',CHEMBL4782438,Agonist,pharmacological_orthosteric_ligand,canonical_7tm_pocket,,no,KW0x37
8XBH,ca-001-010,gpr34_human,not_apo,KW3,(2~{S})-2-AZANYL-3-[[(2~{R})-1-ETHOXY-3-[3-[2-[(3-PHENOXYPHENYL)METHOXY]PHENYL]PROPANOYLOXY]PROPAN-2-YL]OXY-OXIDANYL-PHOSPHORYL]OXY-PROPANOIC ACID,membrane_lipid,name matches 'PHOSPHORYL]OXY-PROPAN',CHEMBL4758243,Agonist,pharmacological_orthosteric_ligand,canonical_7tm_pocket,,no,KW3x43
8XBI,ca-001-010,gpr34_human,not_apo,KW3,(2~{S})-2-AZANYL-3-[[(2~{R})-1-ETHOXY-3-[3-[2-[(3-PHENOXYPHENYL)METHOXY]PHENYL]PROPANOYLOXY]PROPAN-2-YL]OXY-OXIDANYL-PHOSPHORYL]OXY-PROPANOIC ACID,membrane_lipid,name matches 'PHOSPHORYL]OXY-PROPAN',CHEMBL4758243,Agonist,pharmacological_orthosteric_ligand,canonical_7tm_pocket,,no,KW3x43
8XXU,ca-001-004,pd2r2_human,not_apo,A1D5Q,"[(2~{R})-1-HEXADECANOYLOXY-3-[OXIDANYL-[(2~{S},3~{R},5~{R},6~{S})-2,3,4,5,6-PENTAKIS(OXIDANYL)CYCLOHEXYL]OXY-PHOSPHORYL]OXY-PROPAN-2-YL] (~{Z})-OCTADEC-9-ENOATE",membrane_lipid,name matches 'HEXADECANOYLOXY-3-[OXIDANYL-[(',"[(2~{R})-1-hexadecanoyloxy-3-[oxidanyl-[(2~{S},3~{R},5~{R},6~{S})-2,3,4,5,6-pentakis(oxidanyl)cyclohexyl]oxy-phosphoryl]oxy-propan-2-yl] (~{Z})-octadec-9-enoate",PAM,positive_allosteric_modulator,bitopic_or_multi_region_site,,yes,A1D5Qx137
8XXV,ca-001-004,pd2r2_human,not_apo,A1D5Q,"[(2~{R})-1-HEXADECANOYLOXY-3-[OXIDANYL-[(2~{S},3~{R},5~{R},6~{S})-2,3,4,5,6-PENTAKIS(OXIDANYL)CYCLOHEXYL]OXY-PHOSPHORYL]OXY-PROPAN-2-YL] (~{Z})-OCTADEC-9-ENOATE",membrane_lipid,name matches 'HEXADECANOYLOXY-3-[OXIDANYL-[(',"[(2~{R})-1-hexadecanoyloxy-3-[oxidanyl-[(2~{S},3~{R},5~{R},6~{S})-2,3,4,5,6-pentakis(oxidanyl)cyclohexyl]oxy-phosphoryl]oxy-propan-2-yl] (~{Z})-octadec-9-enoate",PAM,positive_allosteric_modulator,bitopic_or_multi_region_site,,yes,A1D5Qx135
9IYB,ca-001-004,pd2r2_human,not_apo,A1D5Q,"[(2~{R})-1-HEXADECANOYLOXY-3-[OXIDANYL-[(2~{S},3~{R},5~{R},6~{S})-2,3,4,5,6-PENTAKIS(OXIDANYL)CYCLOHEXYL]OXY-PHOSPHORYL]OXY-PROPAN-2-YL] (~{Z})-OCTADEC-9-ENOATE",membrane_lipid,name matches 'HEXADECANOYLOXY-3-[OXIDANYL-[(',PGD2,Agonist,pharmacological_orthosteric_ligand,canonical_7tm_pocket,,no,A1D5Qx135
