status,pdb,receptor,component,ligand,binding_mode,ligand_role,recorded_site_class,proposed_site_class,other_changes,confidence,evidence,reference,method,distance_to_pocket,axial,radial,bundle_radius,core_overlap,contacted_segments,positions,decided_by,decided_on
confirmed_misclassified,6U1N,acm2_human,2CU,LY2119620,Agonist,pharmacological_orthosteric_ligand,canonical_7tm_pocket,extracellular_allosteric_pocket,binding_mode Agonist -> PAM; ligand_role -> positive_allosteric_modulator,confirmed,"GPCRdb lists two ligands for 6U1N: iperoxo (IXO) 'Agonist' and LY2119620 (2CU) 'PAM'. Only 2CU is modelled; the agonist label reached it from the absent iperoxo. The atlas carries LY2119620 as PAM in 4MQT, 7T94, 7T96, 7V68 and Ago-PAM in 6OIK, all extracellular_allosteric_pocket (CURATED_SITE_CLASSES). Literature: M2/M4 PAM, does not compete at the orthosteric site (Croy et al. 2014, doi:10.1124/mol.114.091751; Schober et al. 2014, doi:10.1124/mol.114.091785; Kruse et al. 2013, doi:10.1038/nature12735). The absent iperoxo has no annotated_not_observed record either.",doi:10.1038/s41586-020-1954-0,ELECTRON MICROSCOPY,13.1,12.1,4.9,11.7,0.62,2 3 6 7 23 45,23x49 2x60 2x63 2x64 2x67 3x33 45x50 45x51 45x52 6x58 7x31 7x34 7x35,,2026-09-30
confirmed_misclassified,5O9H,c5ar1_human,9P2,NDT9513727,Antagonist,pharmacological_orthosteric_ligand,canonical_7tm_pocket,lipid_facing_site,ligand_role pharmacological_orthosteric_ligand -> allosteric,confirmed,"extra-helical, TM3-TM4-TM5 outer face; the same ligand (9P2) is already curated lipid_facing_site in 6C1Q (CURATED_SITE_CLASSES)",doi:10.1038/nature25025,X-RAY DIFFRACTION,18.6,-10.8,15.1,11.7,0.0,3 4 5,3x40 3x41 3x44 3x45 3x48 4x44 4x45 4x47 4x48 4x49 4x52 5x45 5x46 5x49 5x50 5x53 5x54,,2026-09-30
confirmed_misclassified,8IKG,cnr1_human,Q2B,3-[(1S)-1-(furan-2-yl)-2-nitro-ethyl]-2-phenyl-1H-indole,Agonist,pharmacological_orthosteric_ligand,canonical_7tm_pocket,lipid_facing_site,ligand_role pharmacological_orthosteric_ligand -> allosteric,confirmed,"outside the bundle, TM2-TM3-TM4",doi:10.1073/pnas.2321532121,ELECTRON MICROSCOPY,16.3,2.2,16.2,11.6,0.1,2 3 4,2x52 2x56 3x27 3x28 3x30 3x31 3x34 4x54 4x57 4x58,,2026-09-30
confirmed_misclassified,8IKH,cnr1_human,Q2L,3-[(1R)-1-(2-methoxyphenyl)-2-nitro-ethyl]-2-phenyl-1H-indole,Agonist,pharmacological_orthosteric_ligand,canonical_7tm_pocket,lipid_facing_site,ligand_role pharmacological_orthosteric_ligand -> allosteric,confirmed,"outside the bundle, TM2-TM3-TM4",doi:10.1073/pnas.2321532121,ELECTRON MICROSCOPY,15.6,1.1,15.6,11.8,0.17,2 3 4,2x52 2x56 3x27 3x28 3x30 3x31 3x32 3x34 4x50 4x54 4x57 4x58,,2026-09-30
confirmed_misclassified,8HNN,cxcr3_human,43I,CHEMBL1921858,Antagonist,pharmacological_orthosteric_ligand,canonical_7tm_pocket,other_site,ligand_role pharmacological_orthosteric_ligand -> allosteric,confirmed,"below the orthosteric pocket between TM3, TM5 and TM6 (5x47, 5x51, 5x62, 6x38, 6x44)",doi:10.1038/s41594-023-01175-5,ELECTRON MICROSCOPY,20.4,-17.7,10.2,12.0,0.06,3 5 6,3x36 3x40 5x461 5x47 5x50 5x51 5x54 5x55 5x58 5x62 6x38 6x41 6x42 6x44 6x45 6x49,,2026-09-30
confirmed_misclassified,9K1C,ffar1_human,HXA,docosahexaenoic acid,Agonist,pharmacological_orthosteric_ligand,canonical_7tm_pocket,lipid_facing_site,ligand_role pharmacological_orthosteric_ligand -> allosteric,confirmed,"outside the bundle, lower leaflet, TM3-TM4-TM5-ICL2",doi:10.1016/j.celrep.2024.115024,ELECTRON MICROSCOPY,22.0,-17.8,12.9,11.4,0.06,2 3 4 5 34,2x38 2x42 34x53 3x41 3x44 3x45 3x48 3x49 3x52 4x42 4x45 4x49 4x52 4x53 5x46 5x461 5x50 5x53,,2026-09-30
confirmed_misclassified,8W8R,gp101_human,U7D,1-(4-Methylpyridin-2-yl)-3-[3-(trifluoromethyl)phenyl]thiourea,Agonist,pharmacological_orthosteric_ligand,canonical_7tm_pocket,other_site,ligand_role pharmacological_orthosteric_ligand -> allosteric,confirmed,"two copies of U7D (chains F and G), both outside the helical bundle; authors: 'side pocket' (doi:10.1038/s41589-023-01456-6)",doi:10.1038/s41589-023-01456-6,ELECTRON MICROSCOPY,24.8,16.3,18.7,12.0,0.0,1 3 7 23,1x38 23x51 23x52 3x21 3x24 7x39,,2026-09-30
confirmed_misclassified,8W8S,gp101_human,U7D,1-(4-Methylpyridin-2-yl)-3-[3-(trifluoromethyl)phenyl]thiourea,Agonist,pharmacological_orthosteric_ligand,canonical_7tm_pocket,other_site,ligand_role pharmacological_orthosteric_ligand -> allosteric,confirmed,"two copies of U7D (chains B and C), both outside the helical bundle; authors: 'side pocket' (doi:10.1038/s41589-023-01456-6)",doi:10.1038/s41589-023-01456-6,ELECTRON MICROSCOPY,25.4,16.7,19.2,12.1,0.0,1 3 7 23,1x38 23x49 23x52 3x21 7x39,,2026-09-30
confirmed_misclassified,8TB7,gpr61_human,ZOB,compound 1 [PMID: 37741852],Inverse agonist,pharmacological_orthosteric_ligand,canonical_7tm_pocket,intracellular_allosteric_pocket,ligand_role pharmacological_orthosteric_ligand -> allosteric,confirmed,"intracellular face, TM3-TM5-TM6-TM7-H8",doi:10.1038/s41467-023-41646-3,ELECTRON MICROSCOPY,23.1,-22.9,3.3,10.9,0.0,3 5 6 7 8,3x46 3x47 3x50 5x54 5x57 5x58 5x61 6x33 6x35 6x36 6x37 6x39 6x40 6x43 7x52 7x53 7x56 8x47 8x48,,2026-09-30
not_a_ligand,8XXU,pd2r2_human,A1D5Q,,Agonist,,bitopic_or_multi_region_site (CURATED_SITE_CLASSES); unresolved (residues),(none - membrane lipid),,high,"Reviewer: apo structure. A1D5Q is phosphatidylinositol (1-palmitoyl-2-oleoyl), a membrane lipid, and is not to be counted as a ligand; it is to be shown under a lipid layer instead. Curated bitopic, but the ligand is ~30 A below and outside the helical bundle and contacts only TM2-TM5 outer faces and ICL2 (2x42, 3x41-3x52, 4x38-4x49, 5x53, 34x52-34x57) - no pocket position. Same place as in 9IYB, confirmed not orthosteric.",,,30.5,-22.3,20.8,,,2 3 4 5 34,,,2026-09-30
not_a_ligand,8XXV,pd2r2_human,A1D5Q,,Agonist,,bitopic_or_multi_region_site (CURATED_SITE_CLASSES); unresolved (residues),(none - membrane lipid),,high,"As 8XXU: apo; A1D5Q is phosphatidylinositol. Curated bitopic, but the ligand is ~30 A below and outside the helical bundle and contacts only TM2-TM5 outer faces and ICL2 (2x42, 3x41-3x52, 4x38-4x49, 5x53, 34x52-34x57) - no pocket position. Same place as in 9IYB, confirmed not orthosteric.",,,30.3,-22.3,20.5,,,2 3 4 5 34,,,2026-09-30
not_a_ligand,9IYB,pd2r2_human,A1D5Q,PGD2,Agonist,pharmacological_orthosteric_ligand,canonical_7tm_pocket,(none - membrane lipid),ligand_role pharmacological_orthosteric_ligand -> allosteric,confirmed,"The record names this observation PGD2 (Agonist), but the only hetero group modelled is A1D5Q, phosphatidylinositol - the same lipid as 8XXU/8XXV. PGD2 is annotated and absent from the coordinates, and its label reached the lipid, as iperoxo's reached LY2119620 in 6U1N. outside the bundle, lower leaflet, TM2-TM3-TM4-ICL2. The same ligand (A1D5Q) is curated bitopic_or_multi_region_site in 8XXU/8XXV, but sits in the same place there and reaches no pocket position; see the related rows",doi:10.1073/pnas.2403304121,ELECTRON MICROSCOPY,31.3,-23.3,20.8,10.8,0.06,2 3 4 5 34,2x38 2x42 34x52 34x56 34x57 3x41 3x44 3x45 3x48 3x49 4x38 4x41 4x42 4x44 4x45 4x48 4x49 5x53,,2026-09-30
accepted,5TZY,ffar1_human,MK6,MK-8666,Agonist,pharmacological_orthosteric_ligand,canonical_7tm_pocket,bitopic_or_multi_region_site,ligand_role -> allosteric (ago-allosteric site),medium,"Reviewer: extends from the lipid side into the orthosteric region. Contacts span the TM3-TM4 outer groove (3x26-3x30, 4x54-4x62) and core positions (3x33, 3x37, 5x43, 6x51, 6x55). The TAK-875 site MK-8666 shares is described as a 'non-canonical binding pocket' entered 'via the lipid bilayer' (Srivastava et al. 2014, doi:10.1038/nature13494). The 5TZY paper's 'lipid-facing' pocket is the AgoPAM's, not MK-8666's. lipid_facing_site is the alternative; bitopic is a permitted transition from canonical, lipid_facing is not. The same ligand is already curated bitopic in 5TZR.",doi:10.1038/nsmb.3417; doi:10.1038/nature13494,X-RAY DIFFRACTION,14.3,6.0,12.9,11.5,0.5,3 4 5 6 7 45,3x26 3x27 3x29 3x30 3x33 3x37 45x51 4x54 4x57 4x58 4x60 4x61 4x62 5x40 5x43 6x51 6x55 7x34,,2026-09-30
accepted,5TZY,ffar1_human,7OS,AgoPAM AP8,PAM,positive_allosteric_modulator,bitopic_or_multi_region_site (observation); unresolved (residues),lipid_facing_site,,high,"Authors: 'a novel lipid-facing AgoPAM-binding pocket outside the transmembrane helical bundle'. Centroid 19.4 A from the pocket centre, 15.6 A towards the intracellular side, at the helix surface; contacts TM2-TM5 and ICL2 - the same place as 9K1C, confirmed lipid-facing.",doi:10.1038/nsmb.3417,,19.4,-15.6,11.6,,,2 3 4 5 34,,,2026-09-30
accepted,8EJC,ffar1_human,2YB,fasiglifam,Agonist,pharmacological_orthosteric_ligand,canonical_7tm_pocket,bitopic_or_multi_region_site,ligand_role -> allosteric (ago-allosteric site),medium,"The flagged ligand is 2YB, TAK-875 (fasiglifam), not a fatty acid. It is curated bitopic in 4PHU, where the site is described as a 'non-canonical binding pocket' entered via the lipid bilayer (doi:10.1038/nature13494). The paper's 'orthosteric pocket for fatty acids' refers to other ligands.",doi:10.1073/pnas.2219569120; doi:10.1038/nature13494,ELECTRON MICROSCOPY,14.7,7.1,12.9,11.4,0.53,3 4 5 6 7 45,3x26 3x27 3x29 3x30 3x33 3x37 45x51 4x54 4x57 4x58 4x60 4x61 5x40 5x43 6x51 6x55 7x34,,2026-09-30
accepted,8EJK,ffar1_human,2YB,fasiglifam,Agonist,pharmacological_orthosteric_ligand,canonical_7tm_pocket,bitopic_or_multi_region_site,ligand_role -> allosteric (ago-allosteric site),medium,"As 8EJC (TAK-875, 2YB).",doi:10.1073/pnas.2219569120; doi:10.1038/nature13494,ELECTRON MICROSCOPY,14.7,7.6,12.6,11.5,0.53,3 4 5 6 7 45,3x26 3x27 3x29 3x30 3x33 3x37 45x51 4x57 4x58 4x60 4x61 5x40 5x43 6x51 7x34,,2026-09-30
accepted,8HQM,gp132_human,140,CHEMBL3354065,Agonist,pharmacological_orthosteric_ligand,canonical_7tm_pocket,extended_orthosteric_pocket,,medium,"Reviewer: slightly outside, above the pocket. The endogenous agonist 9-HODE (8HQN) sits deeper (7.7 A from the pocket centre, not flagged); NPGLY here shares its upper positions (45x51, 45x52, 6x58, 6x62, 7x27, 7x30, 7x31, 7x34), i.e. the vestibule end of the same pocket. Permitted transition from canonical.",doi:10.1038/s42255-023-00899-4,ELECTRON MICROSCOPY,16.5,15.8,4.4,12.4,0.18,1 6 7 23 45,1x28 23x50 45x51 45x52 6x58 6x62 7x27 7x28 7x30 7x31 7x34,,2026-09-30
accepted,8HVI,gp132_human,NFI,NOX-6-7,Agonist,pharmacological_orthosteric_ligand,canonical_7tm_pocket,extended_orthosteric_pocket,,medium,"As 8HQM; NOX-6-7 sits higher still (contacts TM7 7x24-7x31, ECL1, ECL2 only).",doi:10.1038/s42255-023-00899-4,ELECTRON MICROSCOPY,14.0,13.2,4.8,12.5,0.0,7 23 45,23x50 45x52 7x24 7x28 7x29 7x31,,2026-09-30
accepted_keep,6LI0,gpr52_human,EN6,"derivative 17 [Nakahata <i>et al</i>., 2018]",Agonist,pharmacological_orthosteric_ligand,canonical_7tm_pocket,canonical_7tm_pocket,,,"Recommended keep, reviewer undecided. ECL2 fills GPR52's major pocket, and the ligand sits in the TM1-TM2-TM7 minor pocket (1x32-1x39, 2x57-2x64, 3x28, 3x32, 7x31-7x42, 45x51), which the authors call a side pocket (doi:10.1038/s41586-020-2019-0). The same positions are contacted by 45 canonical-pocket ligands in other receptors (lipid 28, chemokine 6, peptide 4, nucleotide 4), so calling them a separate site for GPR52 alone would make the class depend on the receptor rather than on the place.",doi:10.1038/s41586-020-2019-0,X-RAY DIFFRACTION,12.7,7.9,9.9,11.4,0.25,1 2 3 7 45,1x32 1x35 1x36 1x39 2x57 2x61 2x64 3x28 3x32 45x51 7x31 7x34 7x35 7x38 7x39 7x42,,2026-09-30
accepted_keep,8HMP,gpr52_human,EN6,"derivative 17 [Nakahata <i>et al</i>., 2018]",Agonist,pharmacological_orthosteric_ligand,canonical_7tm_pocket,canonical_7tm_pocket,,,"As 6LI0 (same ligand, same place).",doi:10.1002/mco2.260,ELECTRON MICROSCOPY,12.9,6.5,11.1,11.3,0.24,1 2 3 7 45,1x32 1x33 1x35 1x36 1x39 2x57 2x61 2x64 3x28 3x32 45x51 7x31 7x34 7x35 7x38 7x39 7x42,,2026-09-30
accepted_keep,7Y12,mrgrd_human,BAL,&beta;-alanine,Agonist,pharmacological_orthosteric_ligand,canonical_7tm_pocket,canonical_7tm_pocket,,,"Recommended: keep canonical_7tm_pocket. The atlas's site classes are defined by the ligand's relation to the orthosteric ligand, not by place: in MRGPRX1 the small-molecule agonist (8DWH) shares 10 of its 13 positions with the peptide agonist BAM8-22 (8DWG), while the PAM ML382 in 8DWG sits in the TM1-TM2-TM3-TM6-TM7 region (3x32, 3x33, 6x51, 7x38) that is the classical pocket elsewhere, shares none, and is already curated extracellular_allosteric_pocket. The shallow TM3-TM6 site is therefore these receptors' orthosteric site (MrgD: 'beta-alanine is bound to a shallow pocket at the extracellular domains'). extended_orthosteric_pocket would describe a pocket reaching up from the classical one, which is not what these ligands do.",doi:10.1038/s42003-022-03668-3,ELECTRON MICROSCOPY,11.9,11.2,4.1,11.2,0.12,3 4 5 6,3x26 3x30 4x64 5x34 5x38 6x55 6x59 6x60,,2026-09-30
accepted_keep,7Y14,mrgrd_human,BAL,&beta;-alanine,Agonist,pharmacological_orthosteric_ligand,canonical_7tm_pocket,canonical_7tm_pocket,,,"Recommended: keep canonical_7tm_pocket. The atlas's site classes are defined by the ligand's relation to the orthosteric ligand, not by place: in MRGPRX1 the small-molecule agonist (8DWH) shares 10 of its 13 positions with the peptide agonist BAM8-22 (8DWG), while the PAM ML382 in 8DWG sits in the TM1-TM2-TM3-TM6-TM7 region (3x32, 3x33, 6x51, 7x38) that is the classical pocket elsewhere, shares none, and is already curated extracellular_allosteric_pocket. The shallow TM3-TM6 site is therefore these receptors' orthosteric site (MrgD: 'beta-alanine is bound to a shallow pocket at the extracellular domains'). extended_orthosteric_pocket would describe a pocket reaching up from the classical one, which is not what these ligands do.",doi:10.1038/s42003-022-03668-3,ELECTRON MICROSCOPY,12.1,11.3,4.4,11.1,0.12,3 4 5 6,3x30 4x64 5x34 5x38 6x55 6x56 6x59 6x60,,2026-09-30
accepted_keep,9DQH,mrgrd_human,A1BE2,"2-[[1-[2-(4-chlorophenyl)-2-methylpropanoyl]piperidin-4-yl]amino]-5,6,7,8-tetrahydro-3H-quinazolin-4-one",Agonist,pharmacological_orthosteric_ligand,canonical_7tm_pocket,canonical_7tm_pocket,,,"Recommended: keep canonical_7tm_pocket. The atlas's site classes are defined by the ligand's relation to the orthosteric ligand, not by place: in MRGPRX1 the small-molecule agonist (8DWH) shares 10 of its 13 positions with the peptide agonist BAM8-22 (8DWG), while the PAM ML382 in 8DWG sits in the TM1-TM2-TM3-TM6-TM7 region (3x32, 3x33, 6x51, 7x38) that is the classical pocket elsewhere, shares none, and is already curated extracellular_allosteric_pocket. The shallow TM3-TM6 site is therefore these receptors' orthosteric site (MrgD: 'beta-alanine is bound to a shallow pocket at the extracellular domains'). extended_orthosteric_pocket would describe a pocket reaching up from the classical one, which is not what these ligands do.",doi:10.1016/j.celrep.2024.114942,ELECTRON MICROSCOPY,9.3,7.6,5.3,11.1,0.3,3 4 5 6,3x26 3x29 3x30 3x33 3x36 3x37 4x57 4x60 4x64 5x34 5x38 5x39 5x41 5x42 5x45 6x51 6x52 6x55 6x56 6x59,,2026-09-30
accepted_keep,9DQJ,mrgrd_human,A1BEQ,2-[[1-[1-(4-methoxyphenyl)cyclopropanecarbonyl]piperidin-4-yl]amino]-3H-quinazolin-4-one,Agonist,pharmacological_orthosteric_ligand,canonical_7tm_pocket,canonical_7tm_pocket,,,"Recommended: keep canonical_7tm_pocket. The atlas's site classes are defined by the ligand's relation to the orthosteric ligand, not by place: in MRGPRX1 the small-molecule agonist (8DWH) shares 10 of its 13 positions with the peptide agonist BAM8-22 (8DWG), while the PAM ML382 in 8DWG sits in the TM1-TM2-TM3-TM6-TM7 region (3x32, 3x33, 6x51, 7x38) that is the classical pocket elsewhere, shares none, and is already curated extracellular_allosteric_pocket. The shallow TM3-TM6 site is therefore these receptors' orthosteric site (MrgD: 'beta-alanine is bound to a shallow pocket at the extracellular domains'). extended_orthosteric_pocket would describe a pocket reaching up from the classical one, which is not what these ligands do.",doi:10.1016/j.celrep.2024.114942,ELECTRON MICROSCOPY,9.5,7.8,5.3,11.3,0.3,3 4 5 6,3x29 3x30 3x33 3x36 3x37 4x57 4x60 4x64 5x34 5x38 5x39 5x41 5x42 5x45 5x46 6x51 6x52 6x55 6x56 6x59,,2026-09-30
accepted_keep,8DWH,mrgx1_human,U2U,compound 16 [PMID: 31498617],Agonist,pharmacological_orthosteric_ligand,canonical_7tm_pocket,canonical_7tm_pocket,,,"Recommended: keep canonical_7tm_pocket. The atlas's site classes are defined by the ligand's relation to the orthosteric ligand, not by place: in MRGPRX1 the small-molecule agonist (8DWH) shares 10 of its 13 positions with the peptide agonist BAM8-22 (8DWG), while the PAM ML382 in 8DWG sits in the TM1-TM2-TM3-TM6-TM7 region (3x32, 3x33, 6x51, 7x38) that is the classical pocket elsewhere, shares none, and is already curated extracellular_allosteric_pocket. The shallow TM3-TM6 site is therefore these receptors' orthosteric site (MrgD: 'beta-alanine is bound to a shallow pocket at the extracellular domains'). extended_orthosteric_pocket would describe a pocket reaching up from the classical one, which is not what these ligands do.",doi:10.1038/s41589-022-01173-6,ELECTRON MICROSCOPY,12.9,11.7,5.6,11.7,0.31,2 3 4 5 6,2x60 3x25 3x26 3x29 3x30 4x60 4x61 4x64 5x36 5x40 6x55 6x56 6x59,,2026-09-30
accepted_keep,8HJ5,mrgx1_human,U2U,compound 16 [PMID: 31498617],Agonist,pharmacological_orthosteric_ligand,canonical_7tm_pocket,canonical_7tm_pocket,,,"Recommended: keep canonical_7tm_pocket. The atlas's site classes are defined by the ligand's relation to the orthosteric ligand, not by place: in MRGPRX1 the small-molecule agonist (8DWH) shares 10 of its 13 positions with the peptide agonist BAM8-22 (8DWG), while the PAM ML382 in 8DWG sits in the TM1-TM2-TM3-TM6-TM7 region (3x32, 3x33, 6x51, 7x38) that is the classical pocket elsewhere, shares none, and is already curated extracellular_allosteric_pocket. The shallow TM3-TM6 site is therefore these receptors' orthosteric site (MrgD: 'beta-alanine is bound to a shallow pocket at the extracellular domains'). extended_orthosteric_pocket would describe a pocket reaching up from the classical one, which is not what these ligands do.",doi:10.1371/journal.pbio.3001975,ELECTRON MICROSCOPY,13.0,11.6,6.0,11.6,0.25,3 4 5 6,3x25 3x26 3x29 4x60 4x61 4x64 5x36 5x40 6x55 6x56 6x59 6x60,,2026-09-30
accepted_keep,7S8N,mrgx2_human,8IU,(R)-ZINC-3573,Agonist,pharmacological_orthosteric_ligand,canonical_7tm_pocket,canonical_7tm_pocket,,,"Recommended: keep canonical_7tm_pocket. The atlas's site classes are defined by the ligand's relation to the orthosteric ligand, not by place: in MRGPRX1 the small-molecule agonist (8DWH) shares 10 of its 13 positions with the peptide agonist BAM8-22 (8DWG), while the PAM ML382 in 8DWG sits in the TM1-TM2-TM3-TM6-TM7 region (3x32, 3x33, 6x51, 7x38) that is the classical pocket elsewhere, shares none, and is already curated extracellular_allosteric_pocket. The shallow TM3-TM6 site is therefore these receptors' orthosteric site (MrgD: 'beta-alanine is bound to a shallow pocket at the extracellular domains'). extended_orthosteric_pocket would describe a pocket reaching up from the classical one, which is not what these ligands do.",doi:10.1038/s41586-021-04126-6,ELECTRON MICROSCOPY,16.3,13.6,8.9,11.6,0.22,4 5 6,4x60 4x64 5x32 5x33 5x36 5x40 6x55 6x59 6x60,,2026-09-30
accepted_keep,7S8O,mrgx2_human,8IU,(R)-ZINC-3573,Agonist,pharmacological_orthosteric_ligand,canonical_7tm_pocket,canonical_7tm_pocket,,,"Recommended: keep canonical_7tm_pocket. The atlas's site classes are defined by the ligand's relation to the orthosteric ligand, not by place: in MRGPRX1 the small-molecule agonist (8DWH) shares 10 of its 13 positions with the peptide agonist BAM8-22 (8DWG), while the PAM ML382 in 8DWG sits in the TM1-TM2-TM3-TM6-TM7 region (3x32, 3x33, 6x51, 7x38) that is the classical pocket elsewhere, shares none, and is already curated extracellular_allosteric_pocket. The shallow TM3-TM6 site is therefore these receptors' orthosteric site (MrgD: 'beta-alanine is bound to a shallow pocket at the extracellular domains'). extended_orthosteric_pocket would describe a pocket reaching up from the classical one, which is not what these ligands do.",doi:10.1038/s41586-021-04126-6,ELECTRON MICROSCOPY,15.9,13.6,8.3,11.4,0.2,4 5 6,4x60 4x64 5x32 5x33 5x36 5x40 6x55 6x56 6x59 6x60,,2026-09-30
accepted_keep,7VDH,mrgx2_human,6IB,compound 48/80,Agonist,pharmacological_orthosteric_ligand,canonical_7tm_pocket,canonical_7tm_pocket,,,"Recommended: keep canonical_7tm_pocket. The atlas's site classes are defined by the ligand's relation to the orthosteric ligand, not by place: in MRGPRX1 the small-molecule agonist (8DWH) shares 10 of its 13 positions with the peptide agonist BAM8-22 (8DWG), while the PAM ML382 in 8DWG sits in the TM1-TM2-TM3-TM6-TM7 region (3x32, 3x33, 6x51, 7x38) that is the classical pocket elsewhere, shares none, and is already curated extracellular_allosteric_pocket. The shallow TM3-TM6 site is therefore these receptors' orthosteric site (MrgD: 'beta-alanine is bound to a shallow pocket at the extracellular domains'). extended_orthosteric_pocket would describe a pocket reaching up from the classical one, which is not what these ligands do.",doi:10.1038/s41586-021-04077-y,ELECTRON MICROSCOPY,15.5,14.6,5.0,11.1,0.2,4 5 6 7,4x60 4x64 5x33 5x36 5x40 6x55 6x56 6x59 6x60 7x30,,2026-09-30
accepted_keep,7VV5,mrgx2_human,6IB,compound 48/80,Agonist,pharmacological_orthosteric_ligand,canonical_7tm_pocket,canonical_7tm_pocket,,,"Recommended: keep canonical_7tm_pocket. The atlas's site classes are defined by the ligand's relation to the orthosteric ligand, not by place: in MRGPRX1 the small-molecule agonist (8DWH) shares 10 of its 13 positions with the peptide agonist BAM8-22 (8DWG), while the PAM ML382 in 8DWG sits in the TM1-TM2-TM3-TM6-TM7 region (3x32, 3x33, 6x51, 7x38) that is the classical pocket elsewhere, shares none, and is already curated extracellular_allosteric_pocket. The shallow TM3-TM6 site is therefore these receptors' orthosteric site (MrgD: 'beta-alanine is bound to a shallow pocket at the extracellular domains'). extended_orthosteric_pocket would describe a pocket reaching up from the classical one, which is not what these ligands do.",doi:10.1038/s41586-021-04077-y,ELECTRON MICROSCOPY,15.3,14.2,5.6,11.1,0.2,4 5 6 7,4x60 4x64 5x32 5x33 5x36 5x40 6x55 6x59 6x60 7x30,,2026-09-30
accepted_keep,7VV6,mrgx2_human,6IB,compound 48/80,Agonist,pharmacological_orthosteric_ligand,canonical_7tm_pocket,canonical_7tm_pocket,,,"Recommended: keep canonical_7tm_pocket. The atlas's site classes are defined by the ligand's relation to the orthosteric ligand, not by place: in MRGPRX1 the small-molecule agonist (8DWH) shares 10 of its 13 positions with the peptide agonist BAM8-22 (8DWG), while the PAM ML382 in 8DWG sits in the TM1-TM2-TM3-TM6-TM7 region (3x32, 3x33, 6x51, 7x38) that is the classical pocket elsewhere, shares none, and is already curated extracellular_allosteric_pocket. The shallow TM3-TM6 site is therefore these receptors' orthosteric site (MrgD: 'beta-alanine is bound to a shallow pocket at the extracellular domains'). extended_orthosteric_pocket would describe a pocket reaching up from the classical one, which is not what these ligands do.",doi:10.1038/s41586-021-04077-y,ELECTRON MICROSCOPY,15.3,14.2,5.6,11.1,0.2,4 5 6 7,4x60 4x64 5x32 5x33 5x36 5x40 6x55 6x59 6x60 7x30,,2026-09-30
accepted_keep,7S8P,mrgx4_human,8IX,"N-[(1r,3R,5S,7R)-3,5-dimethyltricyclo[3.3.1.1~3,7~]decane-1-carbonyl]-D-phenylalanine",Agonist,pharmacological_orthosteric_ligand,canonical_7tm_pocket,canonical_7tm_pocket,,,"Recommended: keep canonical_7tm_pocket. The atlas's site classes are defined by the ligand's relation to the orthosteric ligand, not by place: in MRGPRX1 the small-molecule agonist (8DWH) shares 10 of its 13 positions with the peptide agonist BAM8-22 (8DWG), while the PAM ML382 in 8DWG sits in the TM1-TM2-TM3-TM6-TM7 region (3x32, 3x33, 6x51, 7x38) that is the classical pocket elsewhere, shares none, and is already curated extracellular_allosteric_pocket. The shallow TM3-TM6 site is therefore these receptors' orthosteric site (MrgD: 'beta-alanine is bound to a shallow pocket at the extracellular domains'). extended_orthosteric_pocket would describe a pocket reaching up from the classical one, which is not what these ligands do.",doi:10.1038/s41586-021-04126-6,ELECTRON MICROSCOPY,11.5,11.0,3.4,11.2,0.31,2 3 4 7,2x56 2x59 2x60 2x63 3x22 3x25 3x26 3x28 3x29 3x32 4x61 7x30 7x34,,2026-09-30
accepted_keep,8YRG,mrgx4_human,A1LZU,Fospropofol,Agonist,pharmacological_orthosteric_ligand,canonical_7tm_pocket,canonical_7tm_pocket,,,"Recommended: keep canonical_7tm_pocket. The atlas's site classes are defined by the ligand's relation to the orthosteric ligand, not by place: in MRGPRX1 the small-molecule agonist (8DWH) shares 10 of its 13 positions with the peptide agonist BAM8-22 (8DWG), while the PAM ML382 in 8DWG sits in the TM1-TM2-TM3-TM6-TM7 region (3x32, 3x33, 6x51, 7x38) that is the classical pocket elsewhere, shares none, and is already curated extracellular_allosteric_pocket. The shallow TM3-TM6 site is therefore these receptors' orthosteric site (MrgD: 'beta-alanine is bound to a shallow pocket at the extracellular domains'). extended_orthosteric_pocket would describe a pocket reaching up from the classical one, which is not what these ligands do.",doi:10.1126/scitranslmed.adk8198,ELECTRON MICROSCOPY,13.2,12.7,3.8,11.0,0.33,2 3 4 7,2x60 2x64 3x22 3x25 3x26 3x29 4x61 7x30 7x34,,2026-09-30
keep,7PX4,aa2ar_human,8E2,Preladenant conjugate PSB-2113,Antagonist,pharmacological_orthosteric_ligand,canonical_7tm_pocket,canonical_7tm_pocket,,,"Antagonist in the A2A pocket, extending into the vestibule (core overlap 0.85).",doi:10.1002/anie.202115545,X-RAY DIFFRACTION,12.8,11.7,5.1,10.5,0.85,1 2 3 5 6 7 45,1x28 2x63 2x64 2x65 2x66 3x33 45x51 45x52 5x37 5x40 5x43 6x48 6x51 6x52 6x55 7x30 7x31 7x34 7x35 7x38,,
keep,7PYR,aa2ar_human,8IM,Preladenant conjugate PSB-2115,Antagonist,pharmacological_orthosteric_ligand,canonical_7tm_pocket,canonical_7tm_pocket,,,As 7PX4 (core overlap 0.90).,doi:10.1002/anie.202115545,X-RAY DIFFRACTION,12.8,11.7,5.1,10.4,0.9,2 3 5 6 7 45,2x63 2x64 2x65 2x66 3x32 3x33 45x51 45x52 5x37 5x40 5x43 6x48 6x51 6x52 6x55 7x30 7x31 7x34 7x35 7x38,,
keep,8IYX,gpr34_human,S6R,YL-365,Antagonist,pharmacological_orthosteric_ligand,canonical_7tm_pocket,canonical_7tm_pocket,,,Authors: YL-365 binds 'in a portion of the orthosteric binding pocket' (doi:10.1073/pnas.2308435120).,doi:10.1073/pnas.2308435120,ELECTRON MICROSCOPY,12.2,-3.0,11.8,12.8,0.32,3 4 5,3x29 3x30 3x33 3x34 3x37 3x38 3x41 3x45 4x45 4x48 4x49 4x52 4x53 4x56 4x57 4x60 5x39 5x40 5x43,,
keep,8XBH,gpr34_human,KW3,CHEMBL4758243,Agonist,pharmacological_orthosteric_ligand,canonical_7tm_pocket,canonical_7tm_pocket,,,Centroid 8.3 A from the pocket centre; flagged only on core overlap (0.34) against a family core dominated by other receptors.,doi:10.1038/s41467-024-45046-z,ELECTRON MICROSCOPY,8.3,4.7,6.8,12.0,0.34,3 4 5 6 7 45,3x26 3x29 3x30 3x33 3x34 3x37 3x38 3x41 45x50 45x51 45x52 4x49 4x52 4x53 4x56 4x57 4x60 4x64 5x36 5x39 5x40 5x43 5x46 6x55 6x58 7x31 7x34 7x35 7x38,,
keep,4XNW,p2ry1_human,2ID,MRS2500,Antagonist,pharmacological_orthosteric_ligand,canonical_7tm_pocket,canonical_7tm_pocket,,,Authors: MRS2500 'recognizes a binding site within the seven transmembrane bundle' (doi:10.1038/nature14287).,doi:10.1038/nature14287,X-RAY DIFFRACTION,15.4,15.0,3.6,11.2,0.67,1 2 6 7 45,1x31 2x63 45x50 45x51 45x52 6x58 6x61 6x62 7x27 7x28 7x30 7x31 7x34 7x35 7x38,,
keep,7XXH,p2ry1_human,6AD,2MeSADP,Agonist,pharmacological_orthosteric_ligand,canonical_7tm_pocket,canonical_7tm_pocket,,,Nucleotide agonist at the P2Y1 orthosteric site described for MRS2500 (4XNW); shallow by Class A standards.,doi:10.1093/procel/pwac025,ELECTRON MICROSCOPY,13.8,12.9,4.6,11.9,0.83,2 3 5 6 7 45,2x63 2x64 3x29 45x50 45x51 45x52 5x33 6x62 7x31 7x34 7x35 7x38,,
keep,8WJX,p2ry1_human,ADP,ADP,Agonist,pharmacological_orthosteric_ligand,canonical_7tm_pocket,canonical_7tm_pocket,,,As 7XXH.,,ELECTRON MICROSCOPY,14.0,13.0,5.3,11.5,0.73,1 2 3 6 7 45,1x31 2x63 2x64 3x29 45x50 45x51 45x52 6x58 6x61 6x62 7x27 7x31 7x34 7x35 7x38,,
