rule,family,pdb,ligand_entity_id,receptor,state,transducer,representative,compound,atlas_label,gpcrdb_state,gpcrdb_ligands,same_receptor_labels
B,ca-001-001,2VT4,2VT4:LE:np:P32,adrb1_melga,inactive,transducer_free,False,(S)-Cyanopindolol,Antagonist,Inactive,4-{[(2S)-3-(tert-butylamino)-2-hydroxypropyl]oxy}-3H-indole-2-carbonitrile: Antagonist,Agonist (partial): 6H7O 8DCS; Antagonist: 2VT4 2YCX 2YCY 4BVN 5F8U
B,ca-001-001,2YCX,2YCX:LE:np:P32,adrb1_melga,inactive,transducer_free,False,(S)-Cyanopindolol,Antagonist,Inactive,4-{[(2S)-3-(tert-butylamino)-2-hydroxypropyl]oxy}-3H-indole-2-carbonitrile: Antagonist,Agonist (partial): 6H7O 8DCS; Antagonist: 2VT4 2YCX 2YCY 4BVN 5F8U
B,ca-001-001,2YCY,2YCY:LE:np:P32,adrb1_melga,inactive,transducer_free,False,(S)-Cyanopindolol,Antagonist,Inactive,4-{[(2S)-3-(tert-butylamino)-2-hydroxypropyl]oxy}-3H-indole-2-carbonitrile: Antagonist,Agonist (partial): 6H7O 8DCS; Antagonist: 2VT4 2YCX 2YCY 4BVN 5F8U
B,ca-001-001,4BVN,4BVN:LE:np:P32,adrb1_melga,inactive,transducer_free,True,(S)-Cyanopindolol,Antagonist,Inactive,4-{[(2S)-3-(tert-butylamino)-2-hydroxypropyl]oxy}-3H-indole-2-carbonitrile: Agonist (partial),Agonist (partial): 6H7O 8DCS; Antagonist: 2VT4 2YCX 2YCY 4BVN 5F8U
B,ca-001-001,5F8U,5F8U:LE:np:P32,adrb1_melga,inactive,transducer_free,False,(S)-Cyanopindolol,Antagonist,Inactive,4-{[(2S)-3-(tert-butylamino)-2-hydroxypropyl]oxy}-3H-indole-2-carbonitrile: Antagonist,Agonist (partial): 6H7O 8DCS; Antagonist: 2VT4 2YCX 2YCY 4BVN 5F8U
A,ca-001-002,3VW7,3VW7:LE:np:VPX,par1_human,active,transducer_free,True,vorapaxar,Antagonist,Active,vorapaxar: Antagonist,Antagonist: 3VW7
A,ca-001-002,5NDD,5NDD:LE:np:8TZ,par2_human,active,transducer_free,True,AZ8838,Antagonist,Active,AZ8838: Antagonist,Antagonist: 5NDD
A,ca-001-002,5UNF,5UNF:LE:np:8ES,agtr2_human,active,transducer_free,True,compound 1 [PMID: 28379944],Antagonist,Active,compound 1 [PMID: 28379944]: Antagonist,Antagonist: 5UNF 5UNG
A,ca-001-002,5UNG,5UNG:LE:np:8ES,agtr2_human,active,transducer_free,False,compound 1 [PMID: 28379944],Antagonist,Active,compound 1 [PMID: 28379944]: Antagonist,Antagonist: 5UNF 5UNG
A,ca-001-002,5UNH,5UNH:LE:np:8EM,agtr2_human,active,transducer_free,True,compound 2 [PMID: 28379944],Antagonist,Active,compound 2 [PMID: 28379944]: Unknown,Antagonist: 5UNH
A,ca-001-002,7JNI,7JNI:LE:np:VFD,agtr2_human,active,transducer_free,True,olodanrigan,Antagonist,Active,olodanrigan: Antagonist,Antagonist: 7JNI
A,ca-001-004,5ZKQ,5ZKQ:LE:np:9EU,ptafr_human,active,transducer_free,True,ABT-491,Inverse agonist,Active,ABT-491: Inverse agonist,Inverse agonist: 5ZKQ
A,ca-001-004,6RZ4,6RZ4:LE:np:KNT,cltr1_human,active,transducer_free,True,pranlukast,Antagonist,Active,pranlukast: Antagonist; Na+: NAM,Antagonist: 6RZ4
A,ca-001-004,6RZ5,6RZ5:LE:np:ZLK,cltr1_human,active,transducer_free,True,zafirlukast,Antagonist,Active,zafirlukast: Antagonist; Na+: NAM,Antagonist: 6RZ5
A,ca-001-004,6RZ6,6RZ6:LE:np:KNW,cltr2_human,active,transducer_free,True,ONO-2570366,Antagonist,Active,ONO-2570366: Antagonist,Antagonist: 6RZ6 6RZ7
A,ca-001-004,6RZ7,6RZ7:LE:np:KNW,cltr2_human,active,transducer_free,False,ONO-2570366,Antagonist,Active,ONO-2570366: Antagonist,Antagonist: 6RZ6 6RZ7
A,ca-001-004,6RZ8,6RZ8:LE:np:KNZ,cltr2_human,active,transducer_free,True,ONO-2080365,Antagonist,Active,ONO-2080365: Antagonist,Antagonist: 6RZ8
A,ca-001-004,6RZ9,6RZ9:LE:np:KO5,cltr2_human,active,transducer_free,True,ONO-2770372,Antagonist,Active,ONO-2770372: Antagonist,Antagonist: 6RZ9
A,ca-001-004,9IYA,9IYA:LE:np:A1L3E,gpr55_human,active,transducer_free,True,"4-(3-Bromo-5-ethoxy-4-hydroxyphenyl)-N-(2-methoxyphenyl)-2-methyl-5-oxo-1,4,5,6,7,8-hexahydroquinoline-3-carboxamide",Antagonist,Active,ONO-9710531: Inverse agonist,Antagonist: 9IYA
A,ca-001-010,7TUY,7TUY:LE:np:KKF,gp183_human,active,transducer_free,True,"8-[(2E)-3-(4-chlorophenyl)prop-2-enoyl]-3-[(3,4-dichlorophenyl)methyl]-1-oxa-3,8-diazaspiro[4.5]decan-2-one",Inverse agonist,Active,GSK682753A: Inverse agonist,Inverse agonist: 7TUY
A,ca-001-010,8IYX,8IYX:LE:np:S6R,gpr34_human,active,transducer_free,True,YL-365,Antagonist,Active,YL-365: Antagonist,Antagonist: 8IYX
A,ca-001-010,8TB7,8TB7:LE:np:ZOB,gpr61_human,active,transducer_free,True,compound 1 [PMID: 37741852],Inverse agonist,Active,compound 1 [PMID: 37741852]: Inverse agonist,Inverse agonist: 8TB7
A,ca-001-006,4NTJ,4NTJ:LE:np:AZJ,p2y12_human,active,transducer_free,True,AZD1283,Antagonist,Active,AZD1283: Antagonist,Antagonist: 4NTJ
A,ca-001-006,4XNW,4XNW:LE:np:2ID,p2ry1_human,active,transducer_free,True,MRS2500,Antagonist,Active,MRS2500: Antagonist,Antagonist: 4XNW
B,ca-001-009,1F88,1F88:LE:np:RET,opsd_bovin,inactive,transducer_free,False,Retinal (11-cis),Inverse agonist,Inactive,all-<i>trans</i>-retinal: Inverse agonist,Agonist: 2G87 2HPY 2X72 3PQR 3PXO 4A4M 5DYS 5EN0 6FUF 6OY9 6OYA 6QNO 7MT8 7MT9 7MTA 7MTB 8A6C 8A6D 8A6E; Inverse agonist: 1F88 1GZM 1HZX 1L9H 1U19 2I35 2J4Y 2PED 3C9L 3C9M 3OAX 7ZBC 7ZBE 8FCZ
B,ca-001-009,1GZM,1GZM:LE:np:RET,opsd_bovin,inactive,transducer_free,False,Retinal (11-cis),Inverse agonist,Inactive,all-<i>trans</i>-retinal: Inverse agonist,Agonist: 2G87 2HPY 2X72 3PQR 3PXO 4A4M 5DYS 5EN0 6FUF 6OY9 6OYA 6QNO 7MT8 7MT9 7MTA 7MTB 8A6C 8A6D 8A6E; Inverse agonist: 1F88 1GZM 1HZX 1L9H 1U19 2I35 2J4Y 2PED 3C9L 3C9M 3OAX 7ZBC 7ZBE 8FCZ
B,ca-001-009,1HZX,1HZX:LE:np:RET,opsd_bovin,inactive,transducer_free,False,Retinal (11-cis),Inverse agonist,Inactive,all-<i>trans</i>-retinal: Inverse agonist,Agonist: 2G87 2HPY 2X72 3PQR 3PXO 4A4M 5DYS 5EN0 6FUF 6OY9 6OYA 6QNO 7MT8 7MT9 7MTA 7MTB 8A6C 8A6D 8A6E; Inverse agonist: 1F88 1GZM 1HZX 1L9H 1U19 2I35 2J4Y 2PED 3C9L 3C9M 3OAX 7ZBC 7ZBE 8FCZ
B,ca-001-009,1L9H,1L9H:LE:np:RET,opsd_bovin,inactive,transducer_free,False,Retinal (11-cis),Inverse agonist,Inactive,all-<i>trans</i>-retinal: Inverse agonist,Agonist: 2G87 2HPY 2X72 3PQR 3PXO 4A4M 5DYS 5EN0 6FUF 6OY9 6OYA 6QNO 7MT8 7MT9 7MTA 7MTB 8A6C 8A6D 8A6E; Inverse agonist: 1F88 1GZM 1HZX 1L9H 1U19 2I35 2J4Y 2PED 3C9L 3C9M 3OAX 7ZBC 7ZBE 8FCZ
B,ca-001-009,1U19,1U19:LE:np:RET,opsd_bovin,inactive,transducer_free,False,Retinal (11-cis),Inverse agonist,Inactive,all-<i>trans</i>-retinal: Inverse agonist,Agonist: 2G87 2HPY 2X72 3PQR 3PXO 4A4M 5DYS 5EN0 6FUF 6OY9 6OYA 6QNO 7MT8 7MT9 7MTA 7MTB 8A6C 8A6D 8A6E; Inverse agonist: 1F88 1GZM 1HZX 1L9H 1U19 2I35 2J4Y 2PED 3C9L 3C9M 3OAX 7ZBC 7ZBE 8FCZ
B,ca-001-009,2G87,2G87:LE:np:RET,opsd_bovin,inactive,transducer_free,False,Retinal (all-trans),Agonist,Inactive,all-<i>trans</i>-retinal: Agonist,Agonist: 2G87 2HPY 2X72 3PQR 3PXO 4A4M 5DYS 5EN0 6FUF 6OY9 6OYA 6QNO 7MT8 7MT9 7MTA 7MTB 8A6C 8A6D 8A6E; Inverse agonist: 1F88 1GZM 1HZX 1L9H 1U19 2I35 2J4Y 2PED 3C9L 3C9M 3OAX 7ZBC 7ZBE 8FCZ
B,ca-001-009,2HPY,2HPY:LE:np:RET,opsd_bovin,inactive,transducer_free,False,Retinal (all-trans),Agonist,Inactive,all-<i>trans</i>-retinal: Agonist,Agonist: 2G87 2HPY 2X72 3PQR 3PXO 4A4M 5DYS 5EN0 6FUF 6OY9 6OYA 6QNO 7MT8 7MT9 7MTA 7MTB 8A6C 8A6D 8A6E; Inverse agonist: 1F88 1GZM 1HZX 1L9H 1U19 2I35 2J4Y 2PED 3C9L 3C9M 3OAX 7ZBC 7ZBE 8FCZ
B,ca-001-009,2I35,2I35:LE:np:RET,opsd_bovin,inactive,transducer_free,True,Retinal (11-cis),Inverse agonist,Inactive,all-<i>trans</i>-retinal: Inverse agonist,Agonist: 2G87 2HPY 2X72 3PQR 3PXO 4A4M 5DYS 5EN0 6FUF 6OY9 6OYA 6QNO 7MT8 7MT9 7MTA 7MTB 8A6C 8A6D 8A6E; Inverse agonist: 1F88 1GZM 1HZX 1L9H 1U19 2I35 2J4Y 2PED 3C9L 3C9M 3OAX 7ZBC 7ZBE 8FCZ
B,ca-001-009,2J4Y,2J4Y:LE:np:RET,opsd_bovin,inactive,transducer_free,False,Retinal (11-cis),Inverse agonist,Inactive,all-<i>trans</i>-retinal: Inverse agonist,Agonist: 2G87 2HPY 2X72 3PQR 3PXO 4A4M 5DYS 5EN0 6FUF 6OY9 6OYA 6QNO 7MT8 7MT9 7MTA 7MTB 8A6C 8A6D 8A6E; Inverse agonist: 1F88 1GZM 1HZX 1L9H 1U19 2I35 2J4Y 2PED 3C9L 3C9M 3OAX 7ZBC 7ZBE 8FCZ
B,ca-001-009,2PED,2PED:LE:np:RET,opsd_bovin,inactive,transducer_free,False,Retinal (9-cis),Inverse agonist,Inactive,all-<i>trans</i>-retinal: Inverse agonist,Agonist: 2G87 2HPY 2X72 3PQR 3PXO 4A4M 5DYS 5EN0 6FUF 6OY9 6OYA 6QNO 7MT8 7MT9 7MTA 7MTB 8A6C 8A6D 8A6E; Inverse agonist: 1F88 1GZM 1HZX 1L9H 1U19 2I35 2J4Y 2PED 3C9L 3C9M 3OAX 7ZBC 7ZBE 8FCZ
B,ca-001-009,2X72,2X72:LE:np:RET,opsd_bovin,active,Gi/o,True,Retinal (all-trans),Agonist,Active,all-<i>trans</i>-retinal: Agonist,Agonist: 2G87 2HPY 2X72 3PQR 3PXO 4A4M 5DYS 5EN0 6FUF 6OY9 6OYA 6QNO 7MT8 7MT9 7MTA 7MTB 8A6C 8A6D 8A6E; Inverse agonist: 1F88 1GZM 1HZX 1L9H 1U19 2I35 2J4Y 2PED 3C9L 3C9M 3OAX 7ZBC 7ZBE 8FCZ
B,ca-001-009,2Z73,2Z73:LE:np:RET,opsd_todpa,inactive,transducer_free,True,Retinal (11-cis),Inverse agonist,Inactive,all-<i>trans</i>-retinal: Inverse agonist,Agonist: 3AYM 4WW3; Inverse agonist: 2Z73 2ZIY 3AYN
B,ca-001-009,2ZIY,2ZIY:LE:np:RET,opsd_todpa,inactive,transducer_free,False,Retinal (11-cis),Inverse agonist,Inactive,all-<i>trans</i>-retinal: Inverse agonist,Agonist: 3AYM 4WW3; Inverse agonist: 2Z73 2ZIY 3AYN
B,ca-001-009,3AYM,3AYM:LE:np:RET,opsd_todpa,inactive,transducer_free,False,Retinal (all-trans),Agonist,Inactive,all-<i>trans</i>-retinal: Agonist,Agonist: 3AYM 4WW3; Inverse agonist: 2Z73 2ZIY 3AYN
B,ca-001-009,3AYN,3AYN:LE:np:RET,opsd_todpa,inactive,transducer_free,False,Retinal (9-cis),Inverse agonist,Inactive,all-<i>trans</i>-retinal: Inverse agonist,Agonist: 3AYM 4WW3; Inverse agonist: 2Z73 2ZIY 3AYN
B,ca-001-009,3C9L,3C9L:LE:np:RET,opsd_bovin,inactive,transducer_free,False,Retinal (11-cis),Inverse agonist,Inactive,all-<i>trans</i>-retinal: Inverse agonist,Agonist: 2G87 2HPY 2X72 3PQR 3PXO 4A4M 5DYS 5EN0 6FUF 6OY9 6OYA 6QNO 7MT8 7MT9 7MTA 7MTB 8A6C 8A6D 8A6E; Inverse agonist: 1F88 1GZM 1HZX 1L9H 1U19 2I35 2J4Y 2PED 3C9L 3C9M 3OAX 7ZBC 7ZBE 8FCZ
B,ca-001-009,3C9M,3C9M:LE:np:RET,opsd_bovin,inactive,transducer_free,False,Retinal (11-cis),Inverse agonist,Inactive,all-<i>trans</i>-retinal: Inverse agonist,Agonist: 2G87 2HPY 2X72 3PQR 3PXO 4A4M 5DYS 5EN0 6FUF 6OY9 6OYA 6QNO 7MT8 7MT9 7MTA 7MTB 8A6C 8A6D 8A6E; Inverse agonist: 1F88 1GZM 1HZX 1L9H 1U19 2I35 2J4Y 2PED 3C9L 3C9M 3OAX 7ZBC 7ZBE 8FCZ
B,ca-001-009,3OAX,3OAX:LE:np:RET,opsd_bovin,inactive,transducer_free,False,Retinal (11-cis),Inverse agonist,Inactive,all-<i>trans</i>-retinal: Inverse agonist; beta-ionone: Allosteric agonist,Agonist: 2G87 2HPY 2X72 3PQR 3PXO 4A4M 5DYS 5EN0 6FUF 6OY9 6OYA 6QNO 7MT8 7MT9 7MTA 7MTB 8A6C 8A6D 8A6E; Inverse agonist: 1F88 1GZM 1HZX 1L9H 1U19 2I35 2J4Y 2PED 3C9L 3C9M 3OAX 7ZBC 7ZBE 8FCZ
B,ca-001-009,3PQR,3PQR:LE:np:RET,opsd_bovin,active,Gi/o,False,Retinal (all-trans),Agonist,Active,all-<i>trans</i>-retinal: Agonist,Agonist: 2G87 2HPY 2X72 3PQR 3PXO 4A4M 5DYS 5EN0 6FUF 6OY9 6OYA 6QNO 7MT8 7MT9 7MTA 7MTB 8A6C 8A6D 8A6E; Inverse agonist: 1F88 1GZM 1HZX 1L9H 1U19 2I35 2J4Y 2PED 3C9L 3C9M 3OAX 7ZBC 7ZBE 8FCZ
B,ca-001-009,3PXO,3PXO:LE:np:RET,opsd_bovin,active,transducer_free,False,Retinal (all-trans),Agonist,Active,all-<i>trans</i>-retinal: Agonist,Agonist: 2G87 2HPY 2X72 3PQR 3PXO 4A4M 5DYS 5EN0 6FUF 6OY9 6OYA 6QNO 7MT8 7MT9 7MTA 7MTB 8A6C 8A6D 8A6E; Inverse agonist: 1F88 1GZM 1HZX 1L9H 1U19 2I35 2J4Y 2PED 3C9L 3C9M 3OAX 7ZBC 7ZBE 8FCZ
B,ca-001-009,4A4M,4A4M:LE:np:RET,opsd_bovin,active,Gi/o,False,Retinal (all-trans),Agonist,Active,all-<i>trans</i>-retinal: Agonist,Agonist: 2G87 2HPY 2X72 3PQR 3PXO 4A4M 5DYS 5EN0 6FUF 6OY9 6OYA 6QNO 7MT8 7MT9 7MTA 7MTB 8A6C 8A6D 8A6E; Inverse agonist: 1F88 1GZM 1HZX 1L9H 1U19 2I35 2J4Y 2PED 3C9L 3C9M 3OAX 7ZBC 7ZBE 8FCZ
B,ca-001-009,4WW3,4WW3:LE:np:RET,opsd_todpa,inactive,transducer_free,False,Retinal (all-trans),Agonist,Inactive,all-<i>trans</i>-retinal: Agonist,Agonist: 3AYM 4WW3; Inverse agonist: 2Z73 2ZIY 3AYN
B,ca-001-009,5DYS,5DYS:LE:np:RET,opsd_bovin,active,transducer_free,True,Retinal (all-trans),Agonist,Active,all-<i>trans</i>-retinal: Agonist,Agonist: 2G87 2HPY 2X72 3PQR 3PXO 4A4M 5DYS 5EN0 6FUF 6OY9 6OYA 6QNO 7MT8 7MT9 7MTA 7MTB 8A6C 8A6D 8A6E; Inverse agonist: 1F88 1GZM 1HZX 1L9H 1U19 2I35 2J4Y 2PED 3C9L 3C9M 3OAX 7ZBC 7ZBE 8FCZ
B,ca-001-009,5EN0,5EN0:LE:np:RET,opsd_bovin,active,Gi/o,False,Retinal (all-trans),Agonist,Active,all-<i>trans</i>-retinal: Agonist,Agonist: 2G87 2HPY 2X72 3PQR 3PXO 4A4M 5DYS 5EN0 6FUF 6OY9 6OYA 6QNO 7MT8 7MT9 7MTA 7MTB 8A6C 8A6D 8A6E; Inverse agonist: 1F88 1GZM 1HZX 1L9H 1U19 2I35 2J4Y 2PED 3C9L 3C9M 3OAX 7ZBC 7ZBE 8FCZ
B,ca-001-009,6FUF,6FUF:LE:np:RET,opsd_bovin,active,Gi/o,False,Retinal (all-trans),Agonist,Active,all-<i>trans</i>-retinal: Agonist,Agonist: 2G87 2HPY 2X72 3PQR 3PXO 4A4M 5DYS 5EN0 6FUF 6OY9 6OYA 6QNO 7MT8 7MT9 7MTA 7MTB 8A6C 8A6D 8A6E; Inverse agonist: 1F88 1GZM 1HZX 1L9H 1U19 2I35 2J4Y 2PED 3C9L 3C9M 3OAX 7ZBC 7ZBE 8FCZ
B,ca-001-009,6I9K,6I9K:LE:np:RET,b1b1u5_9arac,inactive,transducer_free,True,Retinal (11-cis),Inverse agonist,Inactive,all-<i>trans</i>-retinal: Inverse agonist,Agonist: 9EPR; Inverse agonist: 6I9K
B,ca-001-009,6OY9,6OY9:LE:np:RET,opsd_bovin,active,Gi/o,False,Retinal (all-trans),Agonist,Active,all-<i>trans</i>-retinal: Agonist,Agonist: 2G87 2HPY 2X72 3PQR 3PXO 4A4M 5DYS 5EN0 6FUF 6OY9 6OYA 6QNO 7MT8 7MT9 7MTA 7MTB 8A6C 8A6D 8A6E; Inverse agonist: 1F88 1GZM 1HZX 1L9H 1U19 2I35 2J4Y 2PED 3C9L 3C9M 3OAX 7ZBC 7ZBE 8FCZ
B,ca-001-009,6OYA,6OYA:LE:np:RET,opsd_bovin,active,Gi/o,False,Retinal (all-trans),Agonist,Active,all-<i>trans</i>-retinal: Agonist,Agonist: 2G87 2HPY 2X72 3PQR 3PXO 4A4M 5DYS 5EN0 6FUF 6OY9 6OYA 6QNO 7MT8 7MT9 7MTA 7MTB 8A6C 8A6D 8A6E; Inverse agonist: 1F88 1GZM 1HZX 1L9H 1U19 2I35 2J4Y 2PED 3C9L 3C9M 3OAX 7ZBC 7ZBE 8FCZ
B,ca-001-009,6QNO,6QNO:LE:np:RET,opsd_bovin,active,Gi/o,False,Retinal (all-trans),Agonist,Active,all-<i>trans</i>-retinal: Agonist,Agonist: 2G87 2HPY 2X72 3PQR 3PXO 4A4M 5DYS 5EN0 6FUF 6OY9 6OYA 6QNO 7MT8 7MT9 7MTA 7MTB 8A6C 8A6D 8A6E; Inverse agonist: 1F88 1GZM 1HZX 1L9H 1U19 2I35 2J4Y 2PED 3C9L 3C9M 3OAX 7ZBC 7ZBE 8FCZ
B,ca-001-009,7MT8,7MT8:LE:np:RET,opsd_bovin,active,transducer_free,False,Retinal (all-trans),Agonist,Active,all-<i>trans</i>-retinal: Agonist,Agonist: 2G87 2HPY 2X72 3PQR 3PXO 4A4M 5DYS 5EN0 6FUF 6OY9 6OYA 6QNO 7MT8 7MT9 7MTA 7MTB 8A6C 8A6D 8A6E; Inverse agonist: 1F88 1GZM 1HZX 1L9H 1U19 2I35 2J4Y 2PED 3C9L 3C9M 3OAX 7ZBC 7ZBE 8FCZ
B,ca-001-009,7MT9,7MT9:LE:np:RET,opsd_bovin,active,transducer_free,False,Retinal (all-trans),Agonist,Active,all-<i>trans</i>-retinal: Agonist,Agonist: 2G87 2HPY 2X72 3PQR 3PXO 4A4M 5DYS 5EN0 6FUF 6OY9 6OYA 6QNO 7MT8 7MT9 7MTA 7MTB 8A6C 8A6D 8A6E; Inverse agonist: 1F88 1GZM 1HZX 1L9H 1U19 2I35 2J4Y 2PED 3C9L 3C9M 3OAX 7ZBC 7ZBE 8FCZ
B,ca-001-009,7MTA,7MTA:LE:np:RET,opsd_bovin,active,transducer_free,False,Retinal (all-trans),Agonist,Active,all-<i>trans</i>-retinal: Agonist,Agonist: 2G87 2HPY 2X72 3PQR 3PXO 4A4M 5DYS 5EN0 6FUF 6OY9 6OYA 6QNO 7MT8 7MT9 7MTA 7MTB 8A6C 8A6D 8A6E; Inverse agonist: 1F88 1GZM 1HZX 1L9H 1U19 2I35 2J4Y 2PED 3C9L 3C9M 3OAX 7ZBC 7ZBE 8FCZ
B,ca-001-009,7MTB,7MTB:LE:np:RET,opsd_bovin,active,transducer_free,False,Retinal (all-trans),Agonist,Active,all-<i>trans</i>-retinal: Agonist,Agonist: 2G87 2HPY 2X72 3PQR 3PXO 4A4M 5DYS 5EN0 6FUF 6OY9 6OYA 6QNO 7MT8 7MT9 7MTA 7MTB 8A6C 8A6D 8A6E; Inverse agonist: 1F88 1GZM 1HZX 1L9H 1U19 2I35 2J4Y 2PED 3C9L 3C9M 3OAX 7ZBC 7ZBE 8FCZ
B,ca-001-009,7ZBC,7ZBC:LE:np:RET,opsd_bovin,inactive,transducer_free,True,Retinal (11-cis),Inverse agonist,Inactive,all-<i>trans</i>-retinal: Inverse agonist,Agonist: 2G87 2HPY 2X72 3PQR 3PXO 4A4M 5DYS 5EN0 6FUF 6OY9 6OYA 6QNO 7MT8 7MT9 7MTA 7MTB 8A6C 8A6D 8A6E; Inverse agonist: 1F88 1GZM 1HZX 1L9H 1U19 2I35 2J4Y 2PED 3C9L 3C9M 3OAX 7ZBC 7ZBE 8FCZ
B,ca-001-009,7ZBE,7ZBE:LE:np:RET,opsd_bovin,inactive,transducer_free,False,Retinal (11-cis),Inverse agonist,Inactive,all-<i>trans</i>-retinal: Inverse agonist,Agonist: 2G87 2HPY 2X72 3PQR 3PXO 4A4M 5DYS 5EN0 6FUF 6OY9 6OYA 6QNO 7MT8 7MT9 7MTA 7MTB 8A6C 8A6D 8A6E; Inverse agonist: 1F88 1GZM 1HZX 1L9H 1U19 2I35 2J4Y 2PED 3C9L 3C9M 3OAX 7ZBC 7ZBE 8FCZ
B,ca-001-009,8A6C,8A6C:LE:np:RET,opsd_bovin,inactive,transducer_free,False,Retinal (11-cis),Agonist,Inactive,all-<i>trans</i>-retinal: Agonist,Agonist: 2G87 2HPY 2X72 3PQR 3PXO 4A4M 5DYS 5EN0 6FUF 6OY9 6OYA 6QNO 7MT8 7MT9 7MTA 7MTB 8A6C 8A6D 8A6E; Inverse agonist: 1F88 1GZM 1HZX 1L9H 1U19 2I35 2J4Y 2PED 3C9L 3C9M 3OAX 7ZBC 7ZBE 8FCZ
B,ca-001-009,8A6D,8A6D:LE:np:RET,opsd_bovin,inactive,transducer_free,False,Retinal (11-cis),Agonist,Inactive,all-<i>trans</i>-retinal: Agonist,Agonist: 2G87 2HPY 2X72 3PQR 3PXO 4A4M 5DYS 5EN0 6FUF 6OY9 6OYA 6QNO 7MT8 7MT9 7MTA 7MTB 8A6C 8A6D 8A6E; Inverse agonist: 1F88 1GZM 1HZX 1L9H 1U19 2I35 2J4Y 2PED 3C9L 3C9M 3OAX 7ZBC 7ZBE 8FCZ
B,ca-001-009,8A6E,8A6E:LE:np:RET,opsd_bovin,inactive,transducer_free,False,Retinal (11-cis),Agonist,Inactive,all-<i>trans</i>-retinal: Agonist,Agonist: 2G87 2HPY 2X72 3PQR 3PXO 4A4M 5DYS 5EN0 6FUF 6OY9 6OYA 6QNO 7MT8 7MT9 7MTA 7MTB 8A6C 8A6D 8A6E; Inverse agonist: 1F88 1GZM 1HZX 1L9H 1U19 2I35 2J4Y 2PED 3C9L 3C9M 3OAX 7ZBC 7ZBE 8FCZ
B,ca-001-009,8FCZ,8FCZ:LE:np:RET,opsd_bovin,inactive,transducer_free,False,Retinal (11-cis),Inverse agonist,Inactive,all-<i>trans</i>-retinal: Inverse agonist; Nanobody Nb2: Allosteric antagonist,Agonist: 2G87 2HPY 2X72 3PQR 3PXO 4A4M 5DYS 5EN0 6FUF 6OY9 6OYA 6QNO 7MT8 7MT9 7MTA 7MTB 8A6C 8A6D 8A6E; Inverse agonist: 1F88 1GZM 1HZX 1L9H 1U19 2I35 2J4Y 2PED 3C9L 3C9M 3OAX 7ZBC 7ZBE 8FCZ
B,ca-001-009,9EPR,9EPR:LE:np:RET,b1b1u5_9arac,active,Gi/o,True,Retinal (11-cis),Agonist,Active,all-<i>trans</i>-retinal: Agonist,Agonist: 9EPR; Inverse agonist: 6I9K
A,ca-001-008,6RNK,6RNK:LE:np:KAZ,sucr1_rat,active,transducer_free,True,NF-56-EJ40,Antagonist,Active,NF-56-EJ40: Antagonist,Antagonist: 6RNK
A,ca-001-008,6Z10,6Z10:LE:np:Q4T,sucr1_rat,active,transducer_free,True,2-[2-[[3-[4-chloranyl-2-fluoranyl-5-[(3~{r})-piperidin-3-yl]oxy-phenyl]-2-fluoranyl-phenyl]carbonylamino]-5-fluoranyl-phenyl]ethanoic acid (CHEMBL4751488),Antagonist,Active,CHEMBL4751488: Antagonist,Antagonist: 6Z10
