family,family_name,compound,components,label,n_structures,units,pdb_ids
ca-001-001,Aminergic receptors,Carazolol,CAU,Agonist,1,adrb3_human,9IJD
ca-001-001,Aminergic receptors,Carazolol,CAU,Antagonist,3,adrb1_melga adrb2_human,2YCW 5X7D 6PS0
ca-001-001,Aminergic receptors,Carazolol,CAU,Inverse agonist,8,adrb1_human adrb2_human,2RH1 4GBR 5D5A 5D5B 5D6L 5JQH 7BVQ 9CHX
ca-001-001,Aminergic receptors,(S)-Cyanopindolol,P32,Agonist (partial),2,adrb1_melga,6H7O 8DCS
ca-001-001,Aminergic receptors,(S)-Cyanopindolol,P32,Antagonist,5,adrb1_melga,2VT4 2YCX 2YCY 4BVN 5F8U
ca-001-001,Aminergic receptors,Dobutamine,Y00,Agonist,1,adrb1_melga,6H7L
ca-001-001,Aminergic receptors,Dobutamine,Y00,Agonist (partial),3,adrb1_melga,2Y00 2Y01 8DCR
ca-001-001,Aminergic receptors,levosalbutamol,68H,Agonist,2,adrb1_melga adrb2_human,6H7M 7DHI
ca-001-001,Aminergic receptors,levosalbutamol,68H,Agonist (partial),1,adrb1_melga,2Y04
ca-001-001,Aminergic receptors,timolol,TIM,Antagonist,2,adrb2_human,6PS1 6PS6
ca-001-001,Aminergic receptors,timolol,TIM,Inverse agonist,1,adrb2_human,3D4S
ca-001-001,Aminergic receptors,ICI 118551,JRZ,Antagonist,1,adrb2_human,6PS4
ca-001-001,Aminergic receptors,ICI 118551,JRZ,Inverse agonist,1,adrb2_human,3NY8
ca-001-001,Aminergic receptors,CHEMBL3799125,CVD,Antagonist,1,adrb2_human,6PS3
ca-001-001,Aminergic receptors,CHEMBL3799125,CVD,Inverse agonist,1,adrb1_melga,4AMJ
ca-001-001,Aminergic receptors,tiotropium,0HK,Antagonist,5,acm1_human acm3_rat acm4_human,4DAJ 4U14 4U15 5CXV 5DSG
ca-001-001,Aminergic receptors,tiotropium,0HK,Inverse agonist,1,acm5_human,6OL9
ca-001-001,Aminergic receptors,LY2119620,2CU,Ago-PAM,1,acm2_human,6OIK
ca-001-001,Aminergic receptors,LY2119620,2CU,Agonist,1,acm2_human,6U1N
ca-001-001,Aminergic receptors,LY2119620,2CU,PAM,4,acm2_human acm4_human,4MQT 7T94 7T96 7V68
ca-001-001,Aminergic receptors,CHEMBL428892,89F,Antagonist,1,5ht1b_human,5V54
ca-001-001,Aminergic receptors,CHEMBL428892,89F,Inverse agonist,1,5ht2a_human,6WH4
ca-001-001,Aminergic receptors,risperidone,8NU,Antagonist,1,5ht2a_human,6A93
ca-001-001,Aminergic receptors,risperidone,8NU,Inverse agonist,1,drd2_human,6CM4
ca-001-001,Aminergic receptors,lisuride,H8G,Agonist,3,5ht2a_human 5ht5a_human,7UM6 7WC7 8UWL
ca-001-001,Aminergic receptors,lisuride,H8G,Antagonist,1,5ht2b_human,6DRX
ca-001-001,Aminergic receptors,ARFORMOTEROL,H98,Agonist,3,adrb1_melga adrb2_human,6IBL 6TKO 7BZ2
ca-001-001,Aminergic receptors,ARFORMOTEROL,H98,Agonist (partial),1,adrb2_human,8JJ8
ca-001-002,Peptide receptors,NDT9513727,9P2,Antagonist,1,c5ar1_human,5O9H
ca-001-002,Peptide receptors,NDT9513727,9P2,NAM,1,c5ar1_human,6C1Q
ca-001-002,Peptide receptors,sovateltide,sovateltide,Agonist,1,ednrb_human,8HBD
ca-001-002,Peptide receptors,sovateltide,sovateltide,Agonist (partial),1,ednrb_human,6IGL
ca-001-004,Lipid receptors,fasiglifam,2YB,Agonist,2,ffar1_human,8EJC 8EJK
ca-001-004,Lipid receptors,fasiglifam,2YB,Allosteric agonist,1,ffar1_human,4PHU
ca-001-004,Lipid receptors,MK-8666,MK6,Agonist,1,ffar1_human,5TZY
ca-001-004,Lipid receptors,MK-8666,MK6,Allosteric agonist,1,ffar1_human,5TZR
ca-001-004,Lipid receptors,"[(2~{R})-1-hexadecanoyloxy-3-[oxidanyl-[(2~{S},3~{R},5~{R},6~{S})-2,3,4,5,6-pentakis(oxidanyl)cyclohexyl]oxy-phosphoryl]oxy-propan-2-yl] (~{Z})-octadec-9-enoate",A1D5Q,Agonist,1,pd2r2_human,9IYB
ca-001-004,Lipid receptors,"[(2~{R})-1-hexadecanoyloxy-3-[oxidanyl-[(2~{S},3~{R},5~{R},6~{S})-2,3,4,5,6-pentakis(oxidanyl)cyclohexyl]oxy-phosphoryl]oxy-propan-2-yl] (~{Z})-octadec-9-enoate",A1D5Q,PAM,2,pd2r2_human,8XXU 8XXV
ca-001-003,Protein receptors,"4-[[3,4-Dioxo-2-[[(1R)-1-(4-propan-2-ylfuran-2-yl)propyl]amino]cyclobuten-1-yl]amino]-3-hydroxy-N,N-dimethylpyridine-2-carboxamide",EBX,Allosteric antagonist,2,ccr6_human cxcr2_human,6LFL 9D3E
ca-001-003,Protein receptors,"4-[[3,4-Dioxo-2-[[(1R)-1-(4-propan-2-ylfuran-2-yl)propyl]amino]cyclobuten-1-yl]amino]-3-hydroxy-N,N-dimethylpyridine-2-carboxamide",EBX,NAM,1,ccr6_human,9D3G
ca-001-009,Sensory receptors,Retinal (11-cis),RET,Agonist,23,b1b1u5_9arac opsd_bovin opsd_todpa opsr_human,2G87 2HPY 2X72 3AYM 3PQR 3PXO 4A4M 4WW3 5DYS 5EN0 6FUF 6OY9 6OYA 6QNO 7MT8 7MT9 7MTA 7MTB 8A6C 8A6D 8A6E 8IU2 9EPR
ca-001-009,Sensory receptors,Retinal (11-cis),RET,Inverse agonist,18,b1b1u5_9arac opsd_bovin opsd_todpa,1F88 1GZM 1HZX 1L9H 1U19 2I35 2J4Y 2PED 2Z73 2ZIY 3AYN 3C9L 3C9M 3OAX 6I9K 7ZBC 7ZBE 8FCZ
ca-001-007,Steroid receptors,INT-777,FX0,Agonist,1,gpbar_human,7CFN
ca-001-007,Steroid receptors,INT-777,FX0,PAM,1,gpbar_human,7CFN
