pdb_id,family,site_class,receptor,resolution_A,method,doi,pubmed_id,atlas_residue_count,atlas_residues,paper_residues,paper_states_residues,notes
7MBX,ca-001-002,extracellular_polymer_interface,CCK<sub>1</sub> receptor,1.95,ELECTRON MICROSCOPY,10.1371/journal.pbio.3001295,34086670,38,CYS94(2.57x56) PHE97(2.60x59) ASN98(2.61x60) PRO101(2.64x63) ASN102(2.65x64) LYS105(2.68x67) ASP106(23.49x49) PHE107(23.50x50) THR117(3.28x28) THR118(3.29x29) MET121(3.32x32) GLY122(3.33x33) VAL125(3.36x36) MET173(4.57x57) TYR176(4.60x61) PHE185 ASN194 MET195 CYS196(45.50x50) ARG197(45.51x51) PHE198(45.52x52) TRP209(5.38x39) HIS210(5.39x40) LEU213(5.42x43) LEU217(5.46x461) ILE329(6.51x51) PHE330(6.52x52) ALA332(6.54x54) ASN333(6.55x55) ARG336(6.58x58) ALA343 GLU344 ARG345 LEU347 SER348 ILE352(7.35x34) LEU356(7.39x38) TYR360(7.43x42),F97 N98 P101 K105 D106 T118 M121 Y176 F185 M195 C196 R197 F198 H210 N333 R336 E344 L347 S348 I352 L356 Y360 C94,yes,"Table 1, CCK1R column: nonbonded contacts, hydrogen bonds and salt bridges"
7X9C,ca-001-002,extracellular_polymer_interface,Y<sub>4</sub> receptor,3.0,ELECTRON MICROSCOPY,10.1126/sciadv.abm1232,35507650,43,ASP36 CYS94(2.57x56) THR98(2.61x60) TYR101(2.64x63) THR102(2.65x64) ASP105(2.68x67) GLN121(3.32x32) CYS122(3.33x33) VAL125(3.36x36) PHE174(4.60x61) PHE184 HIS185 ASN187 HIS188 SER189 LYS190 ALA191 LEU192 VAL200 CYS201(45.50x50) THR202(45.51x51) GLU203(45.52x52) TRP205 ARG211(5.35x36) THR215(5.39x40) LEU218(5.42x43) LEU219(5.43x44) GLN222(5.46x461) LEU281(6.51x51) HIS282(6.52x52) PHE284(6.54x54) ASN285(6.55x55) GLU288(6.58x58) ASP289(6.59x59) HIS292 GLU293 ILE295 ILE297(7.28x27) CYS298(7.29x28) ASN301(7.32x31) PHE304(7.35x34) HIS308(7.39x38) MET312(7.43x42),,,
6PWC,ca-001-002,extracellular_polymer_interface,NTS<sub>1</sub> receptor,4.9,ELECTRON MICROSCOPY,10.1038/s41422-019-0256-2,31776446,10,ARG212 VAL223 CYS224(45.50x50) THR225(45.51x51) PRO226(45.52x52) ARG323(6.55x55) PHE326(6.58x58) TRP334 TYR339(7.28x27) TYR342(7.31x30),,,
7YXA,ca-001-004,canonical_7tm_pocket,S1P<sub>5</sub> receptor,2.2,X-RAY DIFFRACTION,10.1038/s41467-022-32447-1,35961984,21,TYR19 LYS24 ARG37(1.33x33) CYS43(1.39x39) TYR89(2.57x57) ASN92(2.60x60) ILE93(2.61x61) TRP108(3.25x25) ARG111(3.28x28) GLU112(3.29x29) VAL115(3.32x32) VAL185 LEU186 PRO187 TRP264(6.48x48) LEU267(6.51x51) ASP289(7.36x35) LEU292(7.39x38) GLY293(7.40x39) ALA295(7.42x41) MET296(7.43x42),,,
8ID9,ca-001-004,canonical_7tm_pocket,FFA4 receptor,3.0,ELECTRON MICROSCOPY,10.1126/science.add6220,36862765,23,PHE27 PHE88(2.53x53) PHE115(3.29x29) MET118(3.32x32) THR119(3.33x33) GLY122(3.36x36) SER123(3.37x37) ILE126(3.40x40) LEU173(4.60x61) TRP198 GLU204(5.35x36) TRP207(5.38x39) ASP208(5.39x40) PHE211(5.42x43) ASN215(5.46x461) TRP277(6.48x48) ILE280(6.51x51) ILE281(6.52x52) ILE284(6.55x55) ILE287(6.58x58) LEU288(6.59x59) PHE303(7.35x34) THR310(7.42x41),,,
7YU8,ca-001-004,canonical_7tm_pocket,LPA<sub>1</sub> receptor,5.6,ELECTRON MICROSCOPY,10.1038/s41467-022-33121-2,36109516,25,TYR34 LYS39 LEU105(2.60x60) ASN108(2.63x63) THR109 GLY110(23.47x47) THR113(23.50x50) ARG124(3.28x28) GLN125(3.29x29) ILE128(3.32x32) ASP129(3.33x33) MET198 ALA199 TYR202 TYR206(5.39x39) LEU207(5.40x40) TRP210(5.43x43) GLY274(6.51x51) LEU277(6.54x54) LEU278(6.55x55) GLU293(7.35x34) LYS294(7.36x35) PHE296(7.38x37) LEU297(7.39x38) ALA300(7.42x41),,,
5WIU,ca-001-001,canonical_7tm_pocket,D<sub>4</sub> receptor,1.962,X-RAY DIFFRACTION,10.1126/science.aan5468,29051383,25,VAL87(2.57x56) LEU90(2.60x59) PHE91(2.61x60) SER94(2.64x63) TRP101(23.50x50) LEU111(3.28x28) MET112(3.29x29) ASP115(3.32x32) VAL116(3.33x33) CYS119(3.36x36) THR120(3.37x37) CYS185(45.50x50) ARG186(45.51x51) LEU187(45.52x52) TYR192(5.38x39) VAL193(5.39x40) SER196(5.42x43) SER197(5.43x44) SER200(5.46x461) TRP407(6.48x48) PHE410(6.51x51) PHE411(6.52x52) HIS414(6.55x55) THR434(7.39x38) TYR438(7.43x42),,,
8WC4,ca-001-001,canonical_7tm_pocket,TA<sub>1</sub> receptor,3.1,ELECTRON MICROSCOPY,10.1016/j.cell.2023.10.014,37963465,13,ASP102(3.32x32) ILE103(3.33x33) SER106(3.36x36) SER107(3.37x37) TYR153(4.56x56) PHE185 ALA193(5.42x43) SER197(5.46x461) TRP261(6.48x48) PHE264(6.51x51) PHE265(6.52x52) TYR287(7.39x38) TYR291(7.43x42),,,
8GEJ,ca-001-001,canonical_7tm_pocket,&beta;<sub>2</sub>-adrenoceptor,4.2,ELECTRON MICROSCOPY,10.1038/s41586-024-07153-1,38480881,13,TRP109(3.28x28) ASP113(3.32x32) VAL114(3.33x33) VAL117(3.36x36) PHE193(45.52x52) TYR199(5.38x39) SER203(5.42x43) SER204(5.43x44) SER207(5.46x461) PHE290(6.52x52) ASN293(6.55x55) TYR308(7.35x34) ASN312(7.39x38),,,
4N6H,ca-001-002,canonical_7tm_pocket,&delta; receptor,1.8,X-RAY DIFFRACTION,10.1038/nature12944,24413399,16,ASP128(3.32x32) TYR129(3.33x33) MET132(3.36x36) LYS214(5.39x40) VAL217(5.42x43) TRP274(6.48x48) ILE277(6.51x51) HIS278(6.52x52) VAL281(6.55x55) TRP284(6.58x58) THR285(6.59x59) LEU300(7.35x34) CYS303(7.38x37) ILE304(7.39x38) GLY307(7.42x41) TYR308(7.43x42),,,
4ZJC,ca-001-002,canonical_7tm_pocket,OX<sub>1</sub> receptor,2.832,X-RAY DIFFRACTION,10.1038/nsmb.3183,26950369,22,CYS99(2.57x56) ALA102(2.60x59) SER103(2.61x60) VAL106(2.64x63) TRP112(23.50x50) ILE122(3.28x28) PRO123(3.29x29) GLN126(3.32x32) ALA127(3.33x33) VAL130(3.36x36) GLN179(4.60x61) MET183(4.64x65) GLU204(45.52x52) HIS216(5.39x40) PHE219(5.42x43) TYR311(6.48x48) ILE314(6.51x51) SER315(6.52x52) ASN318(6.55x55) HIS344(7.39x38) VAL347(7.42x41) TYR348(7.43x42),,,
7W0M,ca-001-002,canonical_7tm_pocket,apelin receptor,3.71,ELECTRON MICROSCOPY,10.1038/s41594-022-00797-5,35817871,16,PHE78(2.53x53) TRP85(2.60x60) ILE109(3.32x32) PHE110(3.33x33) MET113(3.36x36) ARG168(4.64x65) MET183(45.52x52) TYR264(6.51x51) VAL267(6.54x54) LYS268(6.55x55) TYR271(6.58x58) LEU287(7.31x30) MET288(7.32x31) PHE291(7.35x34) THR295(7.39x38) TYR299(7.43x42),,,
5UIW,ca-001-003,extracellular_polymer_interface,CCR5,2.204,X-RAY DIFFRACTION,10.1016/j.immuni.2017.05.002,28636951,51,SER17 GLU18 PRO19 CYS20 GLN21 LYS22(1.24x24) VAL25(1.27x27) LYS26(1.28x28) ALA29(1.31x31) LEU33(1.35x35) TYR37(1.39x39) TRP86(2.60x60) TYR89(2.63x63) ALA90(2.64x64) THR105(3.29x29) TYR108(3.32x32) PHE109(3.33x33) ASN163(4.60x61) THR167(4.64x65) GLN170 LYS171 GLU172 GLY173 THR177 CYS178(45.50x50) SER179(45.51x51) SER180(45.52x52) HIS181 PHE182 TYR184 TYR187(5.31x32) GLN188(5.32x33) LYS191(5.35x36) GLN194(5.38x39) THR195(5.39x40) ILE198(5.42x43) TYR251(6.51x51) LEU255(6.55x55) ASN258(6.58x58) THR259(6.59x59) GLN261(6.61x61) GLU262(6.62x62) ASN267 ASN268(7.24x23) CYS269(7.25x24) SER272(7.28x27) ASP276(7.32x31) MET279(7.35x34) GLN280(7.36x35) GLU283(7.39x38) MET287(7.43x42),,,
7FIH,ca-001-003,extracellular_polymer_interface,LH receptor,3.2,ELECTRON MICROSCOPY,10.1038/s41586-021-03924-2,34552239,38,ARG53 TYR58 LYS77 GLU79 GLN82 ILE83 ASP84 GLU102 LEU104 GLN106 ASN107 THR108 LYS109 LYS126 TYR127 SER129 ASN132 THR133 GLY134 GLU148 SER149 ASN150 ILE152 GLU154 ASP157 LEU159 THR178 LYS180 TYR182 GLY183 THR200 LYS205 GLU206 LYS225 ARG247 TYR331 GLU332 TYR333,,,
6MET,ca-001-003,extracellular_polymer_interface,CCR5,4.5,ELECTRON MICROSCOPY,10.1038/s41586-018-0804-9,30542158,40,MET1 ASP2 TYR3 GLN4 VAL5 SER7 ASP11 ILE12 ASN13 TYR15 ASN24(1.26x26) VAL25(1.27x27) LYS26(1.28x28) ALA29(1.31x31) LEU33(1.35x35) TRP86(2.60x60) TYR89(2.63x63) ALA92(2.66x66) TYR108(3.32x32) PHE109(3.33x33) GLU172 GLY173 LEU174 HIS175 THR177 CYS178(45.50x50) SER179(45.51x51) SER180(45.52x52) HIS181 PHE182 TYR187(5.31x32) LYS191(5.35x36) GLN194(5.38x39) TYR251(6.51x51) LEU255(6.55x55) ASN258(6.58x58) ASP276(7.32x31) MET279(7.35x34) GLN280(7.36x35) GLU283(7.39x38),,,
5NM4,ca-001-006,canonical_7tm_pocket,A<sub>2A</sub> receptor,1.7,X-RAY DIFFRACTION,10.1038/s41467-017-00630-4,28912485,16,VAL93(3.32x32) LEU94(3.33x33) PHE177(45.52x52) GLU178 MET183(5.35x37) MET186(5.38x40) ASN190(5.42x43) TRP351(6.48x48) LEU354(6.51x51) HIS355(6.52x52) ASN358(6.55x55) HIS369 LEU372(7.32x31) MET375(7.35x34) TYR376(7.36x35) ILE379(7.39x38),,,
5WF5,ca-001-006,canonical_7tm_pocket,A<sub>2A</sub> receptor,2.6,X-RAY DIFFRACTION,10.1016/j.str.2017.12.013,29395784,29,TYR9(1.35x35) ALA63(2.61x60) ILE66(2.64x63) SER67(2.65x64) VAL84(3.32x32) LEU85(3.33x33) THR88(3.36x36) GLN89(3.37x37) ILE92(3.40x40) LEU167(45.51x51) PHE168(45.52x52) GLU169 MET174(5.35x37) MET177(5.38x40) ASN181(5.42x43) VAL186(5.47x47) TRP246(6.48x48) LEU249(6.51x51) HIS250(6.52x52) ILE252(6.54x54) ASN253(6.55x55) THR256(6.58x58) HIS264 LEU267(7.32x31) MET270(7.35x34) TYR271(7.36x35) ILE274(7.39x38) SER277(7.42x41) HIS278(7.43x42),,,
6MH8,ca-001-006,canonical_7tm_pocket,A<sub>2A</sub> receptor,4.2,X-RAY DIFFRACTION,10.1107/S205225251900263X,31098022,17,VAL84(3.32x32) LEU85(3.33x33) LYS153 LEU167(45.51x51) PHE168(45.52x52) GLU169 MET174(5.35x37) MET177(5.38x40) TRP246(6.48x48) LEU249(6.51x51) HIS250(6.52x52) ILE252(6.54x54) ASN253(6.55x55) HIS264 LEU267(7.32x31) MET270(7.35x34) ILE274(7.39x38),,,
